{
    "name": "root",
    "gauges": {
        "WalkerAgentMulti.Policy.Entropy.mean": {
            "value": 0.2867429256439209,
            "min": 0.2848084270954132,
            "max": 1.9288740158081055,
            "count": 125
        },
        "WalkerAgentMulti.Policy.Entropy.sum": {
            "value": 11647.498046875,
            "min": 11227.1484375,
            "max": 81475.640625,
            "count": 125
        },
        "WalkerAgentMulti.Step.mean": {
            "value": 4999958.0,
            "min": 39936.0,
            "max": 4999958.0,
            "count": 125
        },
        "WalkerAgentMulti.Step.sum": {
            "value": 4999958.0,
            "min": 39936.0,
            "max": 4999958.0,
            "count": 125
        },
        "WalkerAgentMulti.Policy.ExtrinsicValueEstimate.mean": {
            "value": -0.58266681432724,
            "min": -1.0674633979797363,
            "max": 0.11374754458665848,
            "count": 125
        },
        "WalkerAgentMulti.Policy.ExtrinsicValueEstimate.sum": {
            "value": -388.05609130859375,
            "min": -691.71630859375,
            "max": 78.71330261230469,
            "count": 125
        },
        "WalkerAgentMulti.Losses.PolicyLoss.mean": {
            "value": 0.2521250486873804,
            "min": 0.24596828771886528,
            "max": 0.2555380815300821,
            "count": 125
        },
        "WalkerAgentMulti.Losses.PolicyLoss.sum": {
            "value": 16.640253213367107,
            "min": 8.520756509664933,
            "max": 17.25332484629372,
            "count": 125
        },
        "WalkerAgentMulti.Losses.ValueLoss.mean": {
            "value": 0.1260243039664269,
            "min": 0.0015802801712505817,
            "max": 0.13389857535609603,
            "count": 125
        },
        "WalkerAgentMulti.Losses.ValueLoss.sum": {
            "value": 8.317604061784175,
            "min": 0.09955765078878664,
            "max": 8.703407398146242,
            "count": 125
        },
        "WalkerAgentMulti.Policy.LearningRate.mean": {
            "value": 1.2313086805060614e-06,
            "min": 1.2313086805060614e-06,
            "max": 0.0002985918004694,
            "count": 125
        },
        "WalkerAgentMulti.Policy.LearningRate.sum": {
            "value": 8.126637291340006e-05,
            "min": 8.126637291340006e-05,
            "max": 0.018954538981820396,
            "count": 125
        },
        "WalkerAgentMulti.Policy.Epsilon.mean": {
            "value": 0.09999999999999996,
            "min": 0.09999999999999994,
            "max": 0.09999999999999999,
            "count": 125
        },
        "WalkerAgentMulti.Policy.Epsilon.sum": {
            "value": 6.599999999999998,
            "min": 3.3999999999999995,
            "max": 6.899999999999997,
            "count": 125
        },
        "WalkerAgentMulti.Policy.Beta.mean": {
            "value": 0.0005,
            "min": 0.0005,
            "max": 0.0005000000000000001,
            "count": 125
        },
        "WalkerAgentMulti.Policy.Beta.sum": {
            "value": 0.033,
            "min": 0.017,
            "max": 0.03450000000000001,
            "count": 125
        },
        "WalkerAgentMulti.Environment.EpisodeLength.mean": {
            "value": 722.6666666666666,
            "min": 191.0,
            "max": 1999.0,
            "count": 122
        },
        "WalkerAgentMulti.Environment.EpisodeLength.sum": {
            "value": 43360.0,
            "min": 4350.0,
            "max": 96580.0,
            "count": 122
        },
        "WalkerAgentMulti.Environment.CumulativeReward.mean": {
            "value": -5.161713867758711,
            "min": -22.681747219214838,
            "max": -0.9412115657838379,
            "count": 122
        },
        "WalkerAgentMulti.Environment.CumulativeReward.sum": {
            "value": -309.70283206552267,
            "min": -879.5070796050131,
            "max": -29.892655409872532,
            "count": 122
        },
        "WalkerAgentMulti.Policy.ExtrinsicReward.mean": {
            "value": -5.161713867758711,
            "min": -22.681747219214838,
            "max": -0.9412115657838379,
            "count": 122
        },
        "WalkerAgentMulti.Policy.ExtrinsicReward.sum": {
            "value": -309.70283206552267,
            "min": -879.5070796050131,
            "max": -29.892655409872532,
            "count": 122
        },
        "WalkerAgentMulti.IsTraining.mean": {
            "value": 1.0,
            "min": 1.0,
            "max": 1.0,
            "count": 125
        },
        "WalkerAgentMulti.IsTraining.sum": {
            "value": 1.0,
            "min": 1.0,
            "max": 1.0,
            "count": 125
        }
    },
    "metadata": {
        "timer_format_version": "0.1.0",
        "start_time_seconds": "1670291854",
        "python_version": "3.7.9 (tags/v3.7.9:13c94747c7, Aug 17 2020, 18:58:18) [MSC v.1900 64 bit (AMD64)]",
        "command_line_arguments": "C:\\Users\\giova\\Desktop\\Magistrale\\DeepLearningForGamesAndSimulations\\Project\\Code\\DLGSproject\\Scripts\\mlagents-learn SwarmRobots\\config/OurConfig/multiagent256.yaml --run-id GioDiscreteMedium10agents",
        "mlagents_version": "0.29.0",
        "mlagents_envs_version": "0.29.0",
        "communication_protocol_version": "1.5.0",
        "pytorch_version": "1.7.1+cu110",
        "numpy_version": "1.21.2",
        "end_time_seconds": "1670305926"
    },
    "total": 14071.8141888,
    "count": 1,
    "self": 0.011694200000420096,
    "children": {
        "run_training.setup": {
            "total": 0.3241453999999999,
            "count": 1,
            "self": 0.3241453999999999
        },
        "TrainerController.start_learning": {
            "total": 14071.478349199999,
            "count": 1,
            "self": 2.4603442999668914,
            "children": {
                "TrainerController._reset_env": {
                    "total": 10.7157258,
                    "count": 1,
                    "self": 10.7157258
                },
                "TrainerController.advance": {
                    "total": 14058.211071400032,
                    "count": 83847,
                    "self": 2.920037500311082,
                    "children": {
                        "env_step": {
                            "total": 3614.200220099813,
                            "count": 83847,
                            "self": 3443.2323144000343,
                            "children": {
                                "SubprocessEnvManager._take_step": {
                                    "total": 169.365697199766,
                                    "count": 83847,
                                    "self": 9.390046299681586,
                                    "children": {
                                        "TorchPolicy.evaluate": {
                                            "total": 159.97565090008442,
                                            "count": 83363,
                                            "self": 27.12594649991655,
                                            "children": {
                                                "TorchPolicy.sample_actions": {
                                                    "total": 132.84970440016787,
                                                    "count": 83363,
                                                    "self": 132.84970440016787
                                                }
                                            }
                                        }
                                    }
                                },
                                "workers": {
                                    "total": 1.602208500012921,
                                    "count": 83847,
                                    "self": 0.0,