{
    "name": "root",
    "metadata": {
        "timer_format_version": "0.1.0",
        "start_time_seconds": "1669023885",
        "python_version": "3.7.9 (tags/v3.7.9:13c94747c7, Aug 17 2020, 18:58:18) [MSC v.1900 64 bit (AMD64)]",
        "command_line_arguments": "C:\\Users\\giova\\Desktop\\Magistrale\\DeepLearningForGamesAndSimulations\\Project\\Code\\DLGSproject\\Scripts\\mlagents-learn config/multiagent.yaml --run-id=Gio6 --resume",
        "mlagents_version": "0.29.0",
        "mlagents_envs_version": "0.29.0",
        "communication_protocol_version": "1.5.0",
        "pytorch_version": "1.7.1+cu110",
        "numpy_version": "1.21.2",
        "end_time_seconds": "1669023934"
    },
    "total": 49.142643899999996,
    "count": 1,
    "self": 0.02036340000000081,
    "children": {
        "run_training.setup": {
            "total": 0.38348409999999955,
            "count": 1,
            "self": 0.38348409999999955
        },
        "TrainerController.start_learning": {
            "total": 48.7387964,
            "count": 1,
            "self": 0.007212200000004998,
            "children": {
                "TrainerController._reset_env": {
                    "total": 27.852299400000003,
                    "count": 1,
                    "self": 27.852299400000003
                },
                "TrainerController.advance": {
                    "total": 20.593495999999995,
                    "count": 97,
                    "self": 0.006785799999953213,
                    "children": {
                        "env_step": {
                            "total": 5.1556081000000376,
                            "count": 97,
                            "self": 3.580578100000011,
                            "children": {
                                "SubprocessEnvManager._take_step": {
                                    "total": 1.571388899999988,
                                    "count": 97,
                                    "self": 0.019374200000008557,
                                    "children": {
                                        "TorchPolicy.evaluate": {
                                            "total": 1.5520146999999795,
                                            "count": 87,
                                            "self": 0.12544579999997296,
                                            "children": {
                                                "TorchPolicy.sample_actions": {
                                                    "total": 1.4265689000000066,
                                                    "count": 87,
                                                    "self": 1.4265689000000066
                                                }
                                            }
                                        }
                                    }
                                },
                                "workers": {
                                    "total": 0.0036411000000384774,
                                    "count": 97,
                                    "self": 0.0,
                                    "children": {
                                        "worker_root": {
                                            "total": 21.500770000000028,
                                            "count": 97,
                                            "is_parallel": true,
                                            "self": 18.368377700000018,
                                            "children": {
                                                "steps_from_proto": {
                                                    "total": 0.0013071999999993977,
                                                    "count": 1,
                                                    "is_parallel": true,
                                                    "self": 0.00029650000000103205,
                                                    "children": {
                                                        "_process_rank_one_or_two_observation": {
                                                            "total": 0.0010106999999983657,
                                                            "count": 4,
                                                            "is_parallel": true,
                                                            "self": 0.0010106999999983657
                                                        }
                                                    }
                                                },
                                                "UnityEnvironment.step": {
                                                    "total": 3.1310851000000106,
                                                    "count": 97,
                                                    "is_parallel": true,
                                                    "self": 0.0320027000000529,
                                                    "children": {
                                                        "UnityEnvironment._generate_step_input": {
                                                            "total": 0.03498820000001146,
                                                            "count": 97,
                                                            "is_parallel": true,
                                                            "self": 0.03498820000001146
                                                        },
                                                        "communicator.exchange": {
                                                            "total": 2.9890992999999817,
                                                            "count": 97,
                                                            "is_parallel": true,
                                                            "self": 2.9890992999999817
                                                        },
                                                        "steps_from_proto": {
                                                            "total": 0.07499489999996456,
                                                            "count": 97,
                                                            "is_parallel": true,
                                                            "self": 0.0173501000000158,
                                                            "children": {
                                                                "_process_rank_one_or_two_observation": {
                                                                    "total": 0.05764479999994876,
                                                                    "count": 388,
                                                                    "is_parallel": true,
                                                                    "self": 0.05764479999994876
                                                                }
                                                            }
                                                        }
                                                    }
                                                }
                                            }
                                        }
                                    }
                                }
                            }
                        },
                        "trainer_advance": {
                            "total": 15.431102100000004,
                            "count": 97,
                            "self": 0.0077650000000133446,
                            "children": {
                                "process_trajectory": {
                                    "total": 0.6802491999999916,
                                    "count": 97,
                                    "self": 0.6802491999999916
                                },