{
    "name": "root",
    "gauges": {
        "WalkerAgentMulti.Policy.Entropy.mean": {
            "value": 0.15602977573871613,
            "min": 0.15602977573871613,
            "max": 1.7570439577102661,
            "count": 124
        },
        "WalkerAgentMulti.Policy.Entropy.sum": {
            "value": 6309.84423828125,
            "min": 6278.931640625,
            "max": 69673.390625,
            "count": 124
        },
        "WalkerAgentMulti.Step.mean": {
            "value": 4999976.0,
            "min": 79952.0,
            "max": 4999976.0,
            "count": 124
        },
        "WalkerAgentMulti.Step.sum": {
            "value": 4999976.0,
            "min": 79952.0,
            "max": 4999976.0,
            "count": 124
        },
        "WalkerAgentMulti.Policy.ExtrinsicValueEstimate.mean": {
            "value": 0.5686728954315186,
            "min": -0.9512048959732056,
            "max": 0.9404931664466858,
            "count": 124
        },
        "WalkerAgentMulti.Policy.ExtrinsicValueEstimate.sum": {
            "value": 495.3140869140625,
            "min": -608.7711181640625,
            "max": 775.9068603515625,
            "count": 124
        },
        "WalkerAgentMulti.Losses.PolicyLoss.mean": {
            "value": 0.247073220595814,
            "min": 0.24254963160502166,
            "max": 0.25333057529200076,
            "count": 124
        },
        "WalkerAgentMulti.Losses.PolicyLoss.sum": {
            "value": 39.03756885413861,
            "min": 21.977566180209415,
            "max": 43.13777015132413,
            "count": 124
        },
        "WalkerAgentMulti.Losses.ValueLoss.mean": {
            "value": 0.21420738592307162,
            "min": 0.0044743147208073505,
            "max": 0.47231020145714603,
            "count": 124
        },
        "WalkerAgentMulti.Losses.ValueLoss.sum": {
            "value": 33.84476697584532,
            "min": 0.6979930964459466,
            "max": 77.45887303897194,
            "count": 124
        },
        "WalkerAgentMulti.Policy.LearningRate.mean": {
            "value": 1.184640870975696e-06,
            "min": 1.184640870975696e-06,
            "max": 0.0002959139659074663,
            "count": 124
        },
        "WalkerAgentMulti.Policy.LearningRate.sum": {
            "value": 0.00018717325761416,
            "min": 0.00018717325761416,
            "max": 0.045863842872052474,
            "count": 124
        },
        "WalkerAgentMulti.Policy.Epsilon.mean": {
            "value": 0.09999999999999996,
            "min": 0.09999999999999995,
            "max": 0.09999999999999998,
            "count": 124
        },
        "WalkerAgentMulti.Policy.Epsilon.sum": {
            "value": 15.799999999999995,
            "min": 8.799999999999997,
            "max": 17.499999999999993,
            "count": 124
        },
        "WalkerAgentMulti.Policy.Beta.mean": {
            "value": 0.0005000000000000001,
            "min": 0.0005,
            "max": 0.0005000000000000002,
            "count": 124
        },
        "WalkerAgentMulti.Policy.Beta.sum": {
            "value": 0.07900000000000001,
            "min": 0.04400000000000001,
            "max": 0.08750000000000002,
            "count": 124
        },
        "WalkerAgentMulti.Environment.EpisodeLength.mean": {
            "value": 85.62264150943396,
            "min": 71.94594594594595,
            "max": 999.0,
            "count": 124
        },
        "WalkerAgentMulti.Environment.EpisodeLength.sum": {
            "value": 36304.0,
            "min": 12252.0,
            "max": 47236.0,
            "count": 124
        },
        "WalkerAgentMulti.Environment.CumulativeReward.mean": {
            "value": 1.1540905677379583,
            "min": -9.521000744588672,
            "max": 1.4058146492461674,
            "count": 124
        },
        "WalkerAgentMulti.Environment.CumulativeReward.sum": {
            "value": 489.33440072089434,
            "min": -380.8400297835469,
            "max": 643.4091900326312,
            "count": 124
        },
        "WalkerAgentMulti.Policy.ExtrinsicReward.mean": {
            "value": 1.1540905677379583,
            "min": -9.521000744588672,
            "max": 1.4058146492461674,
            "count": 124
        },
        "WalkerAgentMulti.Policy.ExtrinsicReward.sum": {
            "value": 489.33440072089434,
            "min": -380.8400297835469,
            "max": 643.4091900326312,
            "count": 124
        },
        "WalkerAgentMulti.IsTraining.mean": {
            "value": 1.0,
            "min": 1.0,
            "max": 1.0,
            "count": 124
        },
        "WalkerAgentMulti.IsTraining.sum": {
            "value": 1.0,
            "min": 1.0,
            "max": 1.0,
            "count": 124
        }
    },
    "metadata": {
        "timer_format_version": "0.1.0",
        "start_time_seconds": "1670460190",
        "python_version": "3.7.9 (tags/v3.7.9:13c94747c7, Aug 17 2020, 18:58:18) [MSC v.1900 64 bit (AMD64)]",
        "command_line_arguments": "C:\\Users\\giova\\Desktop\\Magistrale\\DeepLearningForGamesAndSimulations\\Project\\Code\\DLGSproject\\Scripts\\mlagents-learn config/OurConfig/multiagent256.yaml --env=NoNearAgentRew4AgentsNOCOMM --run-id=4AgentsNNARNoComm --resume --no-graphics",
        "mlagents_version": "0.29.0",
        "mlagents_envs_version": "0.29.0",
        "communication_protocol_version": "1.5.0",
        "pytorch_version": "1.7.1+cu110",
        "numpy_version": "1.21.2",
        "end_time_seconds": "1670476716"
    },
    "total": 16525.7099934,
    "count": 1,
    "self": 1.0337986000013188,
    "children": {
        "run_training.setup": {
            "total": 0.17289350000000003,
            "count": 1,
            "self": 0.17289350000000003
        },
        "TrainerController.start_learning": {
            "total": 16524.5033013,
            "count": 1,
            "self": 6.940584599917202,
            "children": {
                "TrainerController._reset_env": {
                    "total": 3.4803328,
                    "count": 1,
                    "self": 3.4803328
                },
                "TrainerController.advance": {
                    "total": 16513.977135000085,
                    "count": 213899,
                    "self": 7.220066999547271,
                    "children": {
                        "env_step": {
                            "total": 4451.933131300257,
                            "count": 213899,
                            "self": 4067.886707599612,
                            "children": {
                                "SubprocessEnvManager._take_step": {
                                    "total": 379.9120550003712,
                                    "count": 213899,
                                    "self": 20.48538480059949,
                                    "children": {
                                        "TorchPolicy.evaluate": {
                                            "total": 359.4266701997717,
                                            "count": 206079,
                                            "self": 73.01744250014082,
                                            "children": {
                                                "TorchPolicy.sample_actions": {
                                                    "total": 286.4092276996309,
                                                    "count": 206079,
                                                    "self": 286.4092276996309
                                                }
                                            }
                                        }
                                    }
                                },
                                "workers": {
                                    "total": 4.1343687002737575,
                                    "count": 213899,
                                    "self": 0.0,