{"count":1,"self":46.1804448,"total":1933.3823123999998,"children":{"InitializeActuators":{"count":24,"self":0.0035778999999999997,"total":0.0035778999999999997,"children":null},"InitializeSensors":{"count":24,"self":0.0062166,"total":0.0062166,"children":null},"AgentSendState":{"count":109117,"self":11.6946376,"total":26.548784899999998,"children":{"CollectObservations":{"count":261888,"self":5.7836392,"total":5.7836393999999993,"children":null},"WriteActionMask":{"count":261888,"self":0.2128947,"total":0.2128947,"children":null},"RequestDecision":{"count":261888,"self":0.56647269999999994,"total":8.8576132,"children":{"AgentInfo.ToProto":{"count":261888,"self":0.8009666,"total":8.2911405,"children":{"GenerateSensorData":{"count":261888,"self":6.5740491999999993,"total":7.4901738999999994,"children":{"RayPerceptionSensor.Perceive":{"count":261888,"self":0.9161246,"total":0.9161246,"children":null}}}}}}}}},"DecideAction":{"count":109117,"self":1798.4260095999998,"total":1798.4260057,"children":null},"AgentAct":{"count":109117,"self":62.1241024,"total":62.2109375,"children":{"AgentInfo.ToProto":{"count":2260,"self":0.0051386,"total":0.086837299999999992,"children":{"GenerateSensorData":{"count":2260,"self":0.0703834,"total":0.0816987,"children":{"RayPerceptionSensor.Perceive":{"count":2260,"self":0.011315299999999999,"total":0.011315299999999999,"children":null}}}}}}}},"gauges":{"WalkerAgentMulti.CumulativeReward":{"count":2260,"max":7.37739944,"min":-10.6895227,"runningAverage":0.8725125,"value":0.237362742,"weightedAverage":0.779440641}},"metadata":{"timer_format_version":"0.1.0","start_time_seconds":"1671083623","unity_version":"2021.3.12f1","command_line_arguments":"D:\\GIT_VC\\SwarmRobots\\4AgentsNewNearTarget0\/SwarmRobots.exe -nographics -batchmode --mlagents-port 5011 -logFile D:\\GIT_VC\\SwarmRobots\\results\\4AgentsNewNearTarget0\\run_logs\\Player-0.log","communication_protocol_version":"1.5.0","com.unity.ml-agents_version":"2.3.0-exp.2","scene_name":"PseudoRandomWalls","end_time_seconds":"1671085556"}}