{
    "name": "root",
    "gauges": {
        "WalkerAgentMulti.Policy.Entropy.mean": {
            "value": 4.253405570983887,
            "min": 1.4192358255386353,
            "max": 4.253405570983887,
            "count": 62
        },
        "WalkerAgentMulti.Policy.Entropy.sum": {
            "value": 407918.625,
            "min": 5871.7236328125,
            "max": 460052.8125,
            "count": 62
        },
        "WalkerAgentMulti.Step.mean": {
            "value": 4959968.0,
            "min": 79936.0,
            "max": 4959968.0,
            "count": 62
        },
        "WalkerAgentMulti.Step.sum": {
            "value": 4959968.0,
            "min": 79936.0,
            "max": 4959968.0,
            "count": 62
        },
        "WalkerAgentMulti.Policy.ExtrinsicValueEstimate.mean": {
            "value": -2.0883383750915527,
            "min": -123.05799865722656,
            "max": 3.505274772644043,
            "count": 62
        },
        "WalkerAgentMulti.Policy.ExtrinsicValueEstimate.sum": {
            "value": -2629.218017578125,
            "min": -155914.484375,
            "max": 4455.2041015625,
            "count": 62
        },
        "WalkerAgentMulti.Losses.PolicyLoss.mean": {
            "value": 0.2489701189510395,
            "min": 0.1152010291370406,
            "max": 0.3046704160293607,
            "count": 62
        },
        "WalkerAgentMulti.Losses.PolicyLoss.sum": {
            "value": 10.456744995943659,
            "min": 0.3596193014066724,
            "max": 12.163410390640319,
            "count": 62
        },
        "WalkerAgentMulti.Losses.ValueLoss.mean": {
            "value": 397.4152902038287,
            "min": 0.20439286756900665,
            "max": 65508.48091788474,
            "count": 62
        },
        "WalkerAgentMulti.Losses.ValueLoss.sum": {
            "value": 16691.442188560806,
            "min": 6.540571762208213,
            "max": 2685847.7176332744,
            "count": 62
        },
        "WalkerAgentMulti.Policy.LearningRate.mean": {
            "value": 5.25586967664762e-06,
            "min": 5.25586967664762e-06,
            "max": 0.0002970508809830399,
            "count": 62
        },
        "WalkerAgentMulti.Policy.LearningRate.sum": {
            "value": 0.00022074652641920005,
            "min": 0.00022074652641920005,
            "max": 0.009639734026755518,
            "count": 62
        },
        "WalkerAgentMulti.Policy.Epsilon.mean": {
            "value": 0.09999999999999998,
            "min": 0.09999999999999992,
            "max": 0.10000000000000003,
            "count": 62
        },
        "WalkerAgentMulti.Policy.Epsilon.sum": {
            "value": 4.199999999999999,
            "min": 0.2,
            "max": 4.8999999999999995,
            "count": 62
        },
        "WalkerAgentMulti.Policy.Beta.mean": {
            "value": 0.0005000000000000001,
            "min": 0.0005,
            "max": 0.0005000000000000003,
            "count": 62
        },
        "WalkerAgentMulti.Policy.Beta.sum": {
            "value": 0.021000000000000005,
            "min": 0.0010000000000000005,
            "max": 0.024500000000000008,
            "count": 62
        },
        "WalkerAgentMulti.IsTraining.mean": {
            "value": 1.0,
            "min": 1.0,
            "max": 1.0,
            "count": 62
        },
        "WalkerAgentMulti.IsTraining.sum": {
            "value": 1.0,
            "min": 1.0,
            "max": 1.0,
            "count": 62
        },
        "WalkerAgentMulti.Environment.EpisodeLength.mean": {
            "value": 999.0,
            "min": 101.0,
            "max": 999.0,
            "count": 42
        },
        "WalkerAgentMulti.Environment.EpisodeLength.sum": {
            "value": 23976.0,
            "min": 808.0,
            "max": 919512.0,
            "count": 42
        },
        "WalkerAgentMulti.Environment.CumulativeReward.mean": {
            "value": -18.116933137954522,
            "min": -28.359533012421295,
            "max": 3.8650384824723005,
            "count": 42
        },
        "WalkerAgentMulti.Environment.CumulativeReward.sum": {
            "value": -434.80639531090856,
            "min": -14952.45458837226,
            "max": 51.92760066688061,
            "count": 42
        },
        "WalkerAgentMulti.Policy.ExtrinsicReward.mean": {
            "value": -18.116933137954522,
            "min": -28.359533012421295,
            "max": 3.8650384824723005,
            "count": 42
        },
        "WalkerAgentMulti.Policy.ExtrinsicReward.sum": {
            "value": -434.80639531090856,
            "min": -14952.45458837226,
            "max": 51.92760066688061,
            "count": 42
        }
    },
    "metadata": {
        "timer_format_version": "0.1.0",
        "start_time_seconds": "1669645650",
        "python_version": "3.9.13 (tags/v3.9.13:6de2ca5, May 17 2022, 16:36:42) [MSC v.1929 64 bit (AMD64)]",
        "command_line_arguments": "D:\\venv_python\\unityVenv\\Scripts\\mlagents-learn config/OurConfig/multiagent128_2Layers80Steps.yaml --env=36env7raysSpherecastMoreObs/SwarmRobots --run-id=Multi2Layer8agent_7env80stepsNewObs --no-graphics --num-env=7 --force",
        "mlagents_version": "0.29.0",
        "mlagents_envs_version": "0.29.0",
        "communication_protocol_version": "1.5.0",
        "pytorch_version": "1.7.1+cu110",
        "numpy_version": "1.21.2",
        "end_time_seconds": "1669664264"
    },
    "total": 18614.0237338,
    "count": 1,
    "self": 1.2137540000039735,
    "children": {
        "run_training.setup": {
            "total": 0.5160057,
            "count": 1,
            "self": 0.5160057
        },
        "TrainerController.start_learning": {
            "total": 18612.293974099997,
            "count": 1,
            "self": 0.33133869988887454,
            "children": {
                "TrainerController._reset_env": {
                    "total": 6.4259295000000005,
                    "count": 1,
                    "self": 6.4259295000000005
                },
                "TrainerController.advance": {
                    "total": 18605.481067000106,
                    "count": 9122,
                    "self": 0.39023600011205417,
                    "children": {
                        "env_step": {
                            "total": 745.1905088999072,
                            "count": 9122,
                            "self": 693.3060091997532,
                            "children": {
                                "SubprocessEnvManager._take_step": {
                                    "total": 51.6894028999641,
                                    "count": 17718,
                                    "self": 4.29535120005491,
                                    "children": {
                                        "TorchPolicy.evaluate": {
                                            "total": 47.39405169990919,
                                            "count": 17544,
                                            "self": 17.475283099850337,
                                            "children": {
                                                "TorchPolicy.sample_actions": {
                                                    "total": 29.918768600058854,
                                                    "count": 17544,
                                                    "self": 29.918768600058854
                                                }
                                            }
                                        }
                                    }
                                },
                                "workers": {
                                    "total": 0.19509680018986408,
                                    "count": 9122,
                                    "self": 0.0,