{
    "name": "root",
    "gauges": {
        "WalkerAgentMulti.Policy.Entropy.mean": {
            "value": 2.886721134185791,
            "min": 2.8262851238250732,
            "max": 2.886721134185791,
            "count": 6
        },
        "WalkerAgentMulti.Policy.Entropy.sum": {
            "value": 58196.296875,
            "min": 19546.3125,
            "max": 367443.96875,
            "count": 6
        },
        "WalkerAgentMulti.Environment.EpisodeLength.mean": {
            "value": 195.0,
            "min": 26.833333333333332,
            "max": 195.0,
            "count": 4
        },
        "WalkerAgentMulti.Environment.EpisodeLength.sum": {
            "value": 1560.0,
            "min": 1288.0,
            "max": 9728.0,
            "count": 4
        },
        "WalkerAgentMulti.Step.mean": {
            "value": 1599936.0,
            "min": 1199952.0,
            "max": 1599936.0,
            "count": 6
        },
        "WalkerAgentMulti.Step.sum": {
            "value": 1599936.0,
            "min": 1199952.0,
            "max": 1599936.0,
            "count": 6
        },
        "WalkerAgentMulti.Policy.ExtrinsicValueEstimate.mean": {
            "value": -4.081335067749023,
            "min": -4.081335067749023,
            "max": 1.7209032773971558,
            "count": 6
        },
        "WalkerAgentMulti.Policy.ExtrinsicValueEstimate.sum": {
            "value": -5101.6689453125,
            "min": -5101.6689453125,
            "max": 2084.013916015625,
            "count": 6
        },
        "WalkerAgentMulti.Environment.CumulativeReward.mean": {
            "value": 0.674746535718441,
            "min": 0.674746535718441,
            "max": 4.285533979535103,
            "count": 4
        },
        "WalkerAgentMulti.Environment.CumulativeReward.sum": {
            "value": 5.397972285747528,
            "min": 5.397972285747528,
            "max": 205.70563101768494,
            "count": 4
        },
        "WalkerAgentMulti.Policy.ExtrinsicReward.mean": {
            "value": 0.674746535718441,
            "min": 0.674746535718441,
            "max": 4.285533979535103,
            "count": 4
        },
        "WalkerAgentMulti.Policy.ExtrinsicReward.sum": {
            "value": 5.397972285747528,
            "min": 5.397972285747528,
            "max": 205.70563101768494,
            "count": 4
        },
        "WalkerAgentMulti.Losses.PolicyLoss.mean": {
            "value": 0.11105466246031906,
            "min": 0.11105466246031906,
            "max": 0.2568129527238353,
            "count": 6
        },
        "WalkerAgentMulti.Losses.PolicyLoss.sum": {
            "value": 0.5552733123015953,
            "min": 0.5552733123015953,
            "max": 4.164920047792107,
            "count": 6
        },
        "WalkerAgentMulti.Losses.ValueLoss.mean": {
            "value": 14.802940247729799,
            "min": 4.087851124485178,
            "max": 14.802940247729799,
            "count": 6
        },
        "WalkerAgentMulti.Losses.ValueLoss.sum": {
            "value": 74.014701238649,
            "min": 47.71868965184544,
            "max": 168.17078241360122,
            "count": 6
        },
        "WalkerAgentMulti.Policy.LearningRate.mean": {
            "value": 0.00020608131130624,
            "min": 0.00020608131130624,
            "max": 0.00023195234268256,
            "count": 6
        },
        "WalkerAgentMulti.Policy.LearningRate.sum": {
            "value": 0.0010304065565312,
            "min": 0.0008840065053312,
            "max": 0.00389848322050576,
            "count": 6
        },
        "WalkerAgentMulti.Policy.Epsilon.mean": {
            "value": 0.09999999999999998,
            "min": 0.09999999999999998,
            "max": 0.09999999999999999,
            "count": 6
        },
        "WalkerAgentMulti.Policy.Epsilon.sum": {
            "value": 0.4999999999999999,
            "min": 0.39999999999999997,
            "max": 1.7999999999999998,
            "count": 6
        },
        "WalkerAgentMulti.Policy.Beta.mean": {
            "value": 0.0005,
            "min": 0.0005,
            "max": 0.0005000000000000001,
            "count": 6
        },
        "WalkerAgentMulti.Policy.Beta.sum": {
            "value": 0.0025,
            "min": 0.002,
            "max": 0.009000000000000001,
            "count": 6
        },
        "WalkerAgentMulti.IsTraining.mean": {
            "value": 1.0,
            "min": 1.0,
            "max": 1.0,
            "count": 6
        },
        "WalkerAgentMulti.IsTraining.sum": {
            "value": 1.0,
            "min": 1.0,
            "max": 1.0,
            "count": 6
        }
    },
    "metadata": {
        "timer_format_version": "0.1.0",
        "start_time_seconds": "1670099931",
        "python_version": "3.9.13 (tags/v3.9.13:6de2ca5, May 17 2022, 16:36:42) [MSC v.1929 64 bit (AMD64)]",
        "command_line_arguments": "D:\\venv_python\\unityVenv\\Scripts\\mlagents-learn config/OurConfig/multiagent128_80.yaml --env=36env7raysSpherecastMoreObs/SwarmRobots --run-id=2Lay8agent7env36train --no-graphics --num-env=7 --resume",
        "mlagents_version": "0.29.0",
        "mlagents_envs_version": "0.29.0",
        "communication_protocol_version": "1.5.0",
        "pytorch_version": "1.7.1+cu110",
        "numpy_version": "1.21.2",
        "end_time_seconds": "1670101849"
    },
    "total": 1918.1091057,
    "count": 1,
    "self": 0.5331673999999111,
    "children": {
        "run_training.setup": {
            "total": 0.550365,
            "count": 1,
            "self": 0.550365
        },
        "TrainerController.start_learning": {
            "total": 1917.0255733000001,
            "count": 1,
            "self": 0.04718500000012682,
            "children": {
                "TrainerController._reset_env": {
                    "total": 4.7759108,
                    "count": 1,
                    "self": 4.7759108
                },
                "TrainerController.advance": {
                    "total": 1912.1324369,
                    "count": 1352,
                    "self": 0.06224239999914971,
                    "children": {
                        "env_step": {
                            "total": 95.51265110000259,
                            "count": 1352,
                            "self": 87.25118100000385,
                            "children": {
                                "SubprocessEnvManager._take_step": {
                                    "total": 8.233163299998584,
                                    "count": 1878,
                                    "self": 0.5061237999983064,
                                    "children": {
                                        "TorchPolicy.evaluate": {
                                            "total": 7.727039500000277,
                                            "count": 1861,
                                            "self": 2.707759700000145,
                                            "children": {
                                                "TorchPolicy.sample_actions": {
                                                    "total": 5.019279800000132,
                                                    "count": 1861,
                                                    "self": 5.019279800000132
                                                }
                                            }
                                        }
                                    }
                                },
                                "workers": {
                                    "total": 0.028306800000152066,
                                    "count": 1352,
                                    "self": 0.0,
                                    "children": {
                                        "worker_root": {
                                            "total": 12684.653957299994,