{"count":1,"self":469.84668159999995,"total":23874.278066799998,"children":{"InitializeActuators":{"count":80,"self":0.0022103,"total":0.0022103,"children":null},"InitializeSensors":{"count":80,"self":0.0031238,"total":0.0031238,"children":null},"AgentSendState":{"count":625234,"self":162.74387199999998,"total":491.31627269999996,"children":{"CollectObservations":{"count":5001920,"self":166.195648,"total":166.1956429,"children":null},"WriteActionMask":{"count":5001920,"self":3.5770396,"total":3.5770397,"children":null},"RequestDecision":{"count":5001920,"self":10.5956488,"total":158.7997196,"children":{"AgentInfo.ToProto":{"count":5001920,"self":13.6033712,"total":148.2040711,"children":{"GenerateSensorData":{"count":5001920,"self":121.7702272,"total":134.6006999,"children":{"RayPerceptionSensor.Perceive":{"count":5001920,"self":12.8304704,"total":12.830470799999999,"children":null}}}}}}}}},"DecideAction":{"count":625234,"self":21565.8774528,"total":21565.877427199997,"children":null},"AgentAct":{"count":625234,"self":1347.009536,"total":1347.2263521999998,"children":{"AgentInfo.ToProto":{"count":5376,"self":0.0208291,"total":0.21683049999999998,"children":{"GenerateSensorData":{"count":5376,"self":0.1894831,"total":0.1960014,"children":{"RayPerceptionSensor.Perceive":{"count":5376,"self":0.0065182999999999994,"total":0.0065182999999999994,"children":null}}}}}}}},"gauges":{"WalkerAgentMulti.CumulativeReward":{"count":5376,"max":4.58723736,"min":-161.683411,"runningAverage":-4.97221947,"value":-3.70443344,"weightedAverage":-4.966152}},"metadata":{"timer_format_version":"0.1.0","start_time_seconds":"1669478040","unity_version":"2021.3.12f1","command_line_arguments":"D:\\GIT_VC\\SwarmRobots\\env_name\/SwarmRobots.exe -nographics -batchmode --mlagents-port 5005 -logFile D:\\GIT_VC\\SwarmRobots\\results\\Multi3Layer8agentNoVisual\\run_logs\\Player-0.log","communication_protocol_version":"1.5.0","com.unity.ml-agents_version":"2.3.0-exp.2","scene_name":"PseudoRandomWalls","end_time_seconds":"1669501914"}}