{
    "name": "root",
    "gauges": {
        "WalkerAgentMulti.Policy.Entropy.mean": {
            "value": 1.3822765350341797,
            "min": 1.3793039321899414,
            "max": 1.844796061515808,
            "count": 43
        },
        "WalkerAgentMulti.Policy.Entropy.sum": {
            "value": 55103.0703125,
            "min": 9710.4375,
            "max": 73446.6328125,
            "count": 43
        },
        "WalkerAgentMulti.Environment.EpisodeLength.mean": {
            "value": 79.87301587301587,
            "min": 64.53846153846153,
            "max": 133.64864864864865,
            "count": 43
        },
        "WalkerAgentMulti.Environment.EpisodeLength.sum": {
            "value": 40256.0,
            "min": 3356.0,
            "max": 46952.0,
            "count": 43
        },
        "WalkerAgentMulti.Step.mean": {
            "value": 4999952.0,
            "min": 3319968.0,
            "max": 4999952.0,
            "count": 43
        },
        "WalkerAgentMulti.Step.sum": {
            "value": 4999952.0,
            "min": 3319968.0,
            "max": 4999952.0,
            "count": 43
        },
        "WalkerAgentMulti.Policy.ExtrinsicValueEstimate.mean": {
            "value": 0.5178728103637695,
            "min": 0.1668005734682083,
            "max": 0.6980239748954773,
            "count": 43
        },
        "WalkerAgentMulti.Policy.ExtrinsicValueEstimate.sum": {
            "value": 466.08551025390625,
            "min": 52.54014587402344,
            "max": 614.9591064453125,
            "count": 43
        },
        "WalkerAgentMulti.Environment.CumulativeReward.mean": {
            "value": 1.1284400846823932,
            "min": -1.0911947083447806,
            "max": 1.192347011475792,
            "count": 43
        },
        "WalkerAgentMulti.Environment.CumulativeReward.sum": {
            "value": 568.7338026799262,
            "min": -384.10053733736277,
            "max": 627.1745280362666,
            "count": 43
        },
        "WalkerAgentMulti.Policy.ExtrinsicReward.mean": {
            "value": 1.1284400846823932,
            "min": -1.0911947083447806,
            "max": 1.192347011475792,
            "count": 43
        },
        "WalkerAgentMulti.Policy.ExtrinsicReward.sum": {
            "value": 568.7338026799262,
            "min": -384.10053733736277,
            "max": 627.1745280362666,
            "count": 43
        },
        "WalkerAgentMulti.Losses.PolicyLoss.mean": {
            "value": 0.24927958137709555,
            "min": 0.2436960192462357,
            "max": 0.2518256419893763,
            "count": 43
        },
        "WalkerAgentMulti.Losses.PolicyLoss.sum": {
            "value": 43.62392674099172,
            "min": 4.873920384924714,
            "max": 43.62392674099172,
            "count": 43
        },
        "WalkerAgentMulti.Losses.ValueLoss.mean": {
            "value": 0.2177863661626669,
            "min": 0.09412398133187413,
            "max": 28.308899726156312,
            "count": 43
        },
        "WalkerAgentMulti.Losses.ValueLoss.sum": {
            "value": 38.112614078466706,
            "min": 1.8824796266374826,
            "max": 4699.277354541948,
            "count": 43
        },
        "WalkerAgentMulti.Policy.LearningRate.mean": {
            "value": 1.1990545717769134e-06,
            "min": 1.1990545717769134e-06,
            "max": 0.00010094524235160797,
            "count": 43
        },
        "WalkerAgentMulti.Policy.LearningRate.sum": {
            "value": 0.00020983455006095986,
            "min": 0.00020983455006095986,
            "max": 0.01652264901245416,
            "count": 43
        },
        "WalkerAgentMulti.Policy.Epsilon.mean": {
            "value": 0.09999999999999996,
            "min": 0.09999999999999995,
            "max": 0.09999999999999999,
            "count": 43
        },
        "WalkerAgentMulti.Policy.Epsilon.sum": {
            "value": 17.499999999999993,
            "min": 1.9999999999999998,
            "max": 17.499999999999993,
            "count": 43
        },
        "WalkerAgentMulti.Policy.Beta.mean": {
            "value": 0.0005000000000000001,
            "min": 0.0005000000000000001,
            "max": 0.0005000000000000001,
            "count": 43
        },
        "WalkerAgentMulti.Policy.Beta.sum": {
            "value": 0.08750000000000002,
            "min": 0.010000000000000002,
            "max": 0.08750000000000002,
            "count": 43
        },
        "WalkerAgentMulti.IsTraining.mean": {
            "value": 1.0,
            "min": 1.0,
            "max": 1.0,
            "count": 43
        },
        "WalkerAgentMulti.IsTraining.sum": {
            "value": 1.0,
            "min": 1.0,
            "max": 1.0,
            "count": 43
        }
    },
    "metadata": {
        "timer_format_version": "0.1.0",
        "start_time_seconds": "1671055662",
        "python_version": "3.7.9 (tags/v3.7.9:13c94747c7, Aug 17 2020, 18:58:18) [MSC v.1900 64 bit (AMD64)]",
        "command_line_arguments": "C:\\Users\\giova\\Desktop\\Magistrale\\DeepLearningForGamesAndSimulations\\Project\\Code\\DLGSproject\\Scripts\\mlagents-learn config/OurConfig/multiagent256.yaml --run-id=4AgentsPositionFree --resume",
        "mlagents_version": "0.29.0",
        "mlagents_envs_version": "0.29.0",
        "communication_protocol_version": "1.5.0",
        "pytorch_version": "1.7.1+cu110",
        "numpy_version": "1.21.2",
        "end_time_seconds": "1671064330"
    },
    "total": 8667.5987482,
    "count": 1,
    "self": 0.028238600001714076,
    "children": {
        "run_training.setup": {
            "total": 0.40904700000000016,
            "count": 1,
            "self": 0.40904700000000016
        },
        "TrainerController.start_learning": {
            "total": 8667.1614626,
            "count": 1,
            "self": 2.4314977001085936,
            "children": {
                "TrainerController._reset_env": {
                    "total": 14.0616868,
                    "count": 1,
                    "self": 14.0616868
                },
                "TrainerController.advance": {
                    "total": 8650.536534999892,
                    "count": 74214,
                    "self": 2.818174799811459,
                    "children": {
                        "env_step": {
                            "total": 3253.743502900003,
                            "count": 74214,
                            "self": 2967.7780224999683,
                            "children": {
                                "SubprocessEnvManager._take_step": {
                                    "total": 284.33713420002886,
                                    "count": 74214,
                                    "self": 7.348857599966948,
                                    "children": {
                                        "TorchPolicy.evaluate": {
                                            "total": 276.9882766000619,
                                            "count": 70225,
                                            "self": 33.421150800012754,
                                            "children": {
                                                "TorchPolicy.sample_actions": {
                                                    "total": 243.56712580004915,
                                                    "count": 70225,
                                                    "self": 243.56712580004915
                                                }
                                            }
                                        }
                                    }
                                },
                                "workers": {
                                    "total": 1.6283462000056907,
                                    "count": 74214,
                                    "self": 0.0,