{
    "name": "root",
    "gauges": {
        "WalkerAgentMulti.Policy.Entropy.mean": {
            "value": 0.4048643112182617,
            "min": 0.39199313521385193,
            "max": 1.9169251918792725,
            "count": 121
        },
        "WalkerAgentMulti.Policy.Entropy.sum": {
            "value": 16226.9619140625,
            "min": 15654.6376953125,
            "max": 79388.46875,
            "count": 121
        },
        "WalkerAgentMulti.Step.mean": {
            "value": 4999936.0,
            "min": 199960.0,
            "max": 4999936.0,
            "count": 121
        },
        "WalkerAgentMulti.Step.sum": {
            "value": 4999936.0,
            "min": 199960.0,
            "max": 4999936.0,
            "count": 121
        },
        "WalkerAgentMulti.Policy.ExtrinsicValueEstimate.mean": {
            "value": 0.13916978240013123,
            "min": -0.17598365247249603,
            "max": 0.21894173324108124,
            "count": 121
        },
        "WalkerAgentMulti.Policy.ExtrinsicValueEstimate.sum": {
            "value": 90.18201446533203,
            "min": -113.15748596191406,
            "max": 140.12271118164062,
            "count": 121
        },
        "WalkerAgentMulti.Losses.PolicyLoss.mean": {
            "value": 0.246968928105461,
            "min": 0.24336253338945027,
            "max": 0.25547293589061604,
            "count": 121
        },
        "WalkerAgentMulti.Losses.PolicyLoss.sum": {
            "value": 32.846867438026315,
            "min": 2.8034795604849183,
            "max": 37.11944337556294,
            "count": 121
        },
        "WalkerAgentMulti.Losses.ValueLoss.mean": {
            "value": 0.062183596785839367,
            "min": 0.0033553753093903856,
            "max": 0.0811624806912788,
            "count": 121
        },
        "WalkerAgentMulti.Losses.ValueLoss.sum": {
            "value": 8.270418372516636,
            "min": 0.0642538448272695,
            "max": 11.038097374013915,
            "count": 121
        },
        "WalkerAgentMulti.Policy.LearningRate.mean": {
            "value": 1.212139295234887e-06,
            "min": 1.212139295234887e-06,
            "max": 0.0002884670438443199,
            "count": 121
        },
        "WalkerAgentMulti.Policy.LearningRate.sum": {
            "value": 0.00016121452626623997,
            "min": 0.00016121452626623997,
            "max": 0.034044493851836395,
            "count": 121
        },
        "WalkerAgentMulti.Policy.Epsilon.mean": {
            "value": 0.09999999999999996,
            "min": 0.09999999999999995,
            "max": 0.10000000000000002,
            "count": 121
        },
        "WalkerAgentMulti.Policy.Epsilon.sum": {
            "value": 13.299999999999995,
            "min": 1.1,
            "max": 14.799999999999995,
            "count": 121
        },
        "WalkerAgentMulti.Policy.Beta.mean": {
            "value": 0.0005,
            "min": 0.0005,
            "max": 0.0005000000000000003,
            "count": 121
        },
        "WalkerAgentMulti.Policy.Beta.sum": {
            "value": 0.0665,
            "min": 0.005500000000000003,
            "max": 0.07400000000000001,
            "count": 121
        },
        "WalkerAgentMulti.IsTraining.mean": {
            "value": 1.0,
            "min": 1.0,
            "max": 1.0,
            "count": 121
        },
        "WalkerAgentMulti.IsTraining.sum": {
            "value": 1.0,
            "min": 1.0,
            "max": 1.0,
            "count": 121
        },
        "WalkerAgentMulti.Environment.EpisodeLength.mean": {
            "value": 822.8571428571429,
            "min": 363.4,
            "max": 999.0,
            "count": 119
        },
        "WalkerAgentMulti.Environment.EpisodeLength.sum": {
            "value": 46080.0,
            "min": 7164.0,
            "max": 123392.0,
            "count": 119
        },
        "WalkerAgentMulti.Environment.CumulativeReward.mean": {
            "value": 1.332665157836995,
            "min": -2.14771331942475,
            "max": 1.862195204862434,
            "count": 119
        },
        "WalkerAgentMulti.Environment.CumulativeReward.sum": {
            "value": 74.62924883887172,
            "min": -266.316451608669,
            "max": 104.78253299184144,
            "count": 119
        },
        "WalkerAgentMulti.Policy.ExtrinsicReward.mean": {
            "value": 1.332665157836995,
            "min": -2.14771331942475,
            "max": 1.862195204862434,
            "count": 119
        },
        "WalkerAgentMulti.Policy.ExtrinsicReward.sum": {
            "value": 74.62924883887172,
            "min": -266.316451608669,
            "max": 104.78253299184144,
            "count": 119
        }
    },
    "metadata": {
        "timer_format_version": "0.1.0",
        "start_time_seconds": "1670261003",
        "python_version": "3.9.13 (tags/v3.9.13:6de2ca5, May 17 2022, 16:36:42) [MSC v.1929 64 bit (AMD64)]",
        "command_line_arguments": "D:\\venv_python\\unityVenv\\Scripts\\mlagents-learn config/OurConfig/multiagent128.yaml --env=mediumMaze6TrainingFreeComm/SwarmRobots --run-id=4agent7env6trainMedMaze --no-graphics --num-env=7 --resume",
        "mlagents_version": "0.29.0",
        "mlagents_envs_version": "0.29.0",
        "communication_protocol_version": "1.5.0",
        "pytorch_version": "1.7.1+cu110",
        "numpy_version": "1.21.2",
        "end_time_seconds": "1670279044"
    },
    "total": 18040.4108928,
    "count": 1,
    "self": 1.368050699999003,
    "children": {
        "run_training.setup": {
            "total": 0.43846079999999965,
            "count": 1,
            "self": 0.43846079999999965
        },
        "TrainerController.start_learning": {
            "total": 18038.6043813,
            "count": 1,
            "self": 2.6126335994486,
            "children": {
                "TrainerController._reset_env": {
                    "total": 2.9661604,
                    "count": 1,
                    "self": 2.9661604
                },
                "TrainerController.advance": {
                    "total": 18032.96698980055,
                    "count": 59138,
                    "self": 2.4775371009818627,
                    "children": {
                        "env_step": {
                            "total": 1050.6198564997192,
                            "count": 59138,
                            "self": 341.08006089944024,
                            "children": {
                                "SubprocessEnvManager._take_step": {
                                    "total": 707.5243258001428,
                                    "count": 201983,
                                    "self": 21.144007900262523,
                                    "children": {
                                        "TorchPolicy.evaluate": {
                                            "total": 686.3803178998803,
                                            "count": 200926,
                                            "self": 204.05770339949862,
                                            "children": {
                                                "TorchPolicy.sample_actions": {
                                                    "total": 482.3226145003817,
                                                    "count": 200926,
                                                    "self": 482.3226145003817
                                                }
                                            }
                                        }
                                    }
                                },
                                "workers": {
                                    "total": 2.0154698001361417,
                                    "count": 59138,
                                    "self": 0.0,