{
    "name": "root",
    "gauges": {
        "WalkerAgentMulti.Policy.Entropy.mean": {
            "value": 3.849499225616455,
            "min": 3.849499225616455,
            "max": 3.849499225616455,
            "count": 1
        },
        "WalkerAgentMulti.Policy.Entropy.sum": {
            "value": 157675.484375,
            "min": 157675.484375,
            "max": 157675.484375,
            "count": 1
        },
        "WalkerAgentMulti.Environment.EpisodeLength.mean": {
            "value": 183.0,
            "min": 183.0,
            "max": 183.0,
            "count": 1
        },
        "WalkerAgentMulti.Environment.EpisodeLength.sum": {
            "value": 13176.0,
            "min": 13176.0,
            "max": 13176.0,
            "count": 1
        },
        "WalkerAgentMulti.Step.mean": {
            "value": 1679968.0,
            "min": 1679968.0,
            "max": 1679968.0,
            "count": 1
        },
        "WalkerAgentMulti.Step.sum": {
            "value": 1679968.0,
            "min": 1679968.0,
            "max": 1679968.0,
            "count": 1
        },
        "WalkerAgentMulti.Policy.ExtrinsicValueEstimate.mean": {
            "value": 1.8591437339782715,
            "min": 1.8591437339782715,
            "max": 1.8591437339782715,
            "count": 1
        },
        "WalkerAgentMulti.Policy.ExtrinsicValueEstimate.sum": {
            "value": 1184.2745361328125,
            "min": 1184.2745361328125,
            "max": 1184.2745361328125,
            "count": 1
        },
        "WalkerAgentMulti.Environment.CumulativeReward.mean": {
            "value": 3.898529478762713,
            "min": 3.898529478762713,
            "max": 3.898529478762713,
            "count": 1
        },
        "WalkerAgentMulti.Environment.CumulativeReward.sum": {
            "value": 280.6941224709153,
            "min": 280.6941224709153,
            "max": 280.6941224709153,
            "count": 1
        },
        "WalkerAgentMulti.Policy.ExtrinsicReward.mean": {
            "value": 3.898529478762713,
            "min": 3.898529478762713,
            "max": 3.898529478762713,
            "count": 1
        },
        "WalkerAgentMulti.Policy.ExtrinsicReward.sum": {
            "value": 280.6941224709153,
            "min": 280.6941224709153,
            "max": 280.6941224709153,
            "count": 1
        },
        "WalkerAgentMulti.Losses.PolicyLoss.mean": {
            "value": 0.2461158147915034,
            "min": 0.2461158147915034,
            "max": 0.2461158147915034,
            "count": 1
        },
        "WalkerAgentMulti.Losses.PolicyLoss.sum": {
            "value": 13.78248562832419,
            "min": 13.78248562832419,
            "max": 13.78248562832419,
            "count": 1
        },
        "WalkerAgentMulti.Losses.ValueLoss.mean": {
            "value": 0.17648082173831195,
            "min": 0.17648082173831195,
            "max": 0.17648082173831195,
            "count": 1
        },
        "WalkerAgentMulti.Losses.ValueLoss.sum": {
            "value": 9.882926017345468,
            "min": 9.882926017345468,
            "max": 9.882926017345468,
            "count": 1
        },
        "WalkerAgentMulti.Policy.LearningRate.mean": {
            "value": 0.00020013100186110574,
            "min": 0.00020013100186110574,
            "max": 0.00020013100186110574,
            "count": 1
        },
        "WalkerAgentMulti.Policy.LearningRate.sum": {
            "value": 0.011207336104221921,
            "min": 0.011207336104221921,
            "max": 0.011207336104221921,
            "count": 1
        },
        "WalkerAgentMulti.Policy.Epsilon.mean": {
            "value": 0.16671032285714288,
            "min": 0.16671032285714288,
            "max": 0.16671032285714288,
            "count": 1
        },
        "WalkerAgentMulti.Policy.Epsilon.sum": {
            "value": 9.33577808,
            "min": 9.33577808,
            "max": 9.33577808,
            "count": 1
        },
        "WalkerAgentMulti.Policy.Beta.mean": {
            "value": 0.0005000000000000001,
            "min": 0.0005000000000000001,
            "max": 0.0005000000000000001,
            "count": 1
        },
        "WalkerAgentMulti.Policy.Beta.sum": {
            "value": 0.028000000000000004,
            "min": 0.028000000000000004,
            "max": 0.028000000000000004,
            "count": 1
        },
        "WalkerAgentMulti.IsTraining.mean": {
            "value": 1.0,
            "min": 1.0,
            "max": 1.0,
            "count": 1
        },
        "WalkerAgentMulti.IsTraining.sum": {
            "value": 1.0,
            "min": 1.0,
            "max": 1.0,
            "count": 1
        }
    },
    "metadata": {
        "timer_format_version": "0.1.0",
        "start_time_seconds": "1669893048",
        "python_version": "3.9.13 (tags/v3.9.13:6de2ca5, May 17 2022, 16:36:42) [MSC v.1929 64 bit (AMD64)]",
        "command_line_arguments": "D:\\venv_python\\unityVenv\\Scripts\\mlagents-learn config/OurConfig/multiagent256_40.yaml --env=10env7raysSphere/SwarmRobots --run-id=Multi2Layer256_8agent_7env_40Discrete --no-graphics --resume",
        "mlagents_version": "0.29.0",
        "mlagents_envs_version": "0.29.0",
        "communication_protocol_version": "1.5.0",
        "pytorch_version": "1.7.1+cu110",
        "numpy_version": "1.21.2",
        "end_time_seconds": "1669893404"
    },
    "total": 356.5260803,
    "count": 1,
    "self": 0.17709789999997838,
    "children": {
        "run_training.setup": {
            "total": 0.08186740000000003,
            "count": 1,
            "self": 0.08186740000000003
        },
        "TrainerController.start_learning": {
            "total": 356.267115,
            "count": 1,
            "self": 0.02461920000007467,
            "children": {
                "TrainerController._reset_env": {
                    "total": 2.4219644999999996,
                    "count": 1,
                    "self": 2.4219644999999996
                },
                "TrainerController.advance": {
                    "total": 353.7159248999999,
                    "count": 972,
                    "self": 0.024293700000384888,
                    "children": {
                        "env_step": {
                            "total": 40.66956339999942,
                            "count": 972,
                            "self": 36.0056449999996,
                            "children": {
                                "SubprocessEnvManager._take_step": {
                                    "total": 4.64995089999982,
                                    "count": 972,
                                    "self": 0.09786649999885189,
                                    "children": {
                                        "TorchPolicy.evaluate": {
                                            "total": 4.552084400000968,
                                            "count": 965,
                                            "self": 1.1596460000004578,
                                            "children": {
                                                "TorchPolicy.sample_actions": {
                                                    "total": 3.3924384000005103,
                                                    "count": 965,
                                                    "self": 3.3924384000005103
                                                }
                                            }
                                        }
                                    }
                                },
                                "workers": {
                                    "total": 0.013967499999991695,
                                    "count": 972,
                                    "self": 0.0,