{
    "name": "root",
    "gauges": {
        "WalkerAgentMulti.Policy.Entropy.mean": {
            "value": 3.659243106842041,
            "min": 3.4872400760650635,
            "max": 3.767230749130249,
            "count": 13
        },
        "WalkerAgentMulti.Policy.Entropy.sum": {
            "value": 146955.203125,
            "min": 84385.96875,
            "max": 147427.375,
            "count": 13
        },
        "WalkerAgentMulti.Step.mean": {
            "value": 4999968.0,
            "min": 4519944.0,
            "max": 4999968.0,
            "count": 13
        },
        "WalkerAgentMulti.Step.sum": {
            "value": 4999968.0,
            "min": 4519944.0,
            "max": 4999968.0,
            "count": 13
        },
        "WalkerAgentMulti.Policy.ExtrinsicValueEstimate.mean": {
            "value": -0.2146078497171402,
            "min": -0.2146078497171402,
            "max": 1.2985997200012207,
            "count": 13
        },
        "WalkerAgentMulti.Policy.ExtrinsicValueEstimate.sum": {
            "value": -137.9928436279297,
            "min": -137.9928436279297,
            "max": 437.62811279296875,
            "count": 13
        },
        "WalkerAgentMulti.Losses.PolicyLoss.mean": {
            "value": 0.24578799177796634,
            "min": 0.24175018237539048,
            "max": 0.25158665336625624,
            "count": 13
        },
        "WalkerAgentMulti.Losses.PolicyLoss.sum": {
            "value": 17.942523399791543,
            "min": 5.7864930274238935,
            "max": 19.363799284110517,
            "count": 13
        },
        "WalkerAgentMulti.Losses.ValueLoss.mean": {
            "value": 6.748373440412272,
            "min": 0.017140377897410235,
            "max": 6.748373440412272,
            "count": 13
        },
        "WalkerAgentMulti.Losses.ValueLoss.sum": {
            "value": 492.63126115009584,
            "min": 1.2512475865109471,
            "max": 492.63126115009584,
            "count": 13
        },
        "WalkerAgentMulti.Policy.LearningRate.mean": {
            "value": 1.1945368621282188e-06,
            "min": 1.1945368621282188e-06,
            "max": 2.928132154393739e-05,
            "count": 13
        },
        "WalkerAgentMulti.Policy.LearningRate.sum": {
            "value": 8.720119093535998e-05,
            "min": 8.720119093535998e-05,
            "max": 0.00195962612679344,
            "count": 13
        },
        "WalkerAgentMulti.Policy.Epsilon.mean": {
            "value": 0.10039814575342466,
            "min": 0.10039814575342466,
            "max": 0.1097604104347826,
            "count": 13
        },
        "WalkerAgentMulti.Policy.Epsilon.sum": {
            "value": 7.32906464,
            "min": 2.52448944,
            "max": 7.91617888,
            "count": 13
        },
        "WalkerAgentMulti.Policy.Beta.mean": {
            "value": 0.0005,
            "min": 0.0005,
            "max": 0.0005000000000000002,
            "count": 13
        },
        "WalkerAgentMulti.Policy.Beta.sum": {
            "value": 0.036500000000000005,
            "min": 0.011500000000000003,
            "max": 0.039000000000000014,
            "count": 13
        },
        "WalkerAgentMulti.Environment.EpisodeLength.mean": {
            "value": 792.4285714285714,
            "min": 107.57142857142857,
            "max": 999.0,
            "count": 13
        },
        "WalkerAgentMulti.Environment.EpisodeLength.sum": {
            "value": 44376.0,
            "min": 6024.0,
            "max": 55944.0,
            "count": 13
        },
        "WalkerAgentMulti.Environment.CumulativeReward.mean": {
            "value": 2.490144038897207,
            "min": -1.9128972861896425,
            "max": 4.369691998032587,
            "count": 13
        },
        "WalkerAgentMulti.Environment.CumulativeReward.sum": {
            "value": 139.4480661782436,
            "min": -103.49273637542501,
            "max": 244.70275188982487,
            "count": 13
        },
        "WalkerAgentMulti.Policy.ExtrinsicReward.mean": {
            "value": 2.490144038897207,
            "min": -1.9128972861896425,
            "max": 4.369691998032587,
            "count": 13
        },
        "WalkerAgentMulti.Policy.ExtrinsicReward.sum": {
            "value": 139.4480661782436,
            "min": -103.49273637542501,
            "max": 244.70275188982487,
            "count": 13
        },
        "WalkerAgentMulti.IsTraining.mean": {
            "value": 1.0,
            "min": 1.0,
            "max": 1.0,
            "count": 13
        },
        "WalkerAgentMulti.IsTraining.sum": {
            "value": 1.0,
            "min": 1.0,
            "max": 1.0,
            "count": 13
        }
    },
    "metadata": {
        "timer_format_version": "0.1.0",
        "start_time_seconds": "1669913322",
        "python_version": "3.9.13 (tags/v3.9.13:6de2ca5, May 17 2022, 16:36:42) [MSC v.1929 64 bit (AMD64)]",
        "command_line_arguments": "D:\\venv_python\\unityVenv\\Scripts\\mlagents-learn config/OurConfig/multiagent256_40.yaml --env=10env7raysSphere/SwarmRobots --run-id=Multi2Layer256_8agent_7env_40Discrete --no-graphics --resume",
        "mlagents_version": "0.29.0",
        "mlagents_envs_version": "0.29.0",
        "communication_protocol_version": "1.5.0",
        "pytorch_version": "1.7.1+cu110",
        "numpy_version": "1.21.2",
        "end_time_seconds": "1669915874"
    },
    "total": 2552.2926565,
    "count": 1,
    "self": 0.49044699999967634,
    "children": {
        "run_training.setup": {
            "total": 0.09267640000000021,
            "count": 1,
            "self": 0.09267640000000021
        },
        "TrainerController.start_learning": {
            "total": 2551.7095331,
            "count": 1,
            "self": 0.18750030001092455,
            "children": {
                "TrainerController._reset_env": {
                    "total": 2.4373993,
                    "count": 1,
                    "self": 2.4373993
                },
                "TrainerController.advance": {
                    "total": 2549.0018563999893,
                    "count": 6353,
                    "self": 0.21557350000421138,
                    "children": {
                        "env_step": {
                            "total": 315.4245437999964,
                            "count": 6353,
                            "self": 282.380994300013,
                            "children": {
                                "SubprocessEnvManager._take_step": {
                                    "total": 32.93523439998707,
                                    "count": 6353,
                                    "self": 0.8231669999892901,
                                    "children": {
                                        "TorchPolicy.evaluate": {
                                            "total": 32.11206739999778,
                                            "count": 6288,
                                            "self": 10.786542899993329,
                                            "children": {
                                                "TorchPolicy.sample_actions": {
                                                    "total": 21.325524500004448,
                                                    "count": 6288,
                                                    "self": 21.325524500004448
                                                }
                                            }
                                        }
                                    }
                                },
                                "workers": {
                                    "total": 0.10831509999630917,
                                    "count": 6353,
                                    "self": 0.0,