{
    "name": "root",
    "gauges": {
        "WalkerAgentMulti.Policy.Entropy.mean": {
            "value": 3.7816989421844482,
            "min": 3.5264694690704346,
            "max": 3.8479113578796387,
            "count": 37
        },
        "WalkerAgentMulti.Policy.Entropy.sum": {
            "value": 166092.21875,
            "min": 125246.3828125,
            "max": 166092.21875,
            "count": 37
        },
        "WalkerAgentMulti.Step.mean": {
            "value": 1599952.0,
            "min": 159984.0,
            "max": 1599952.0,
            "count": 37
        },
        "WalkerAgentMulti.Step.sum": {
            "value": 1599952.0,
            "min": 159984.0,
            "max": 1599952.0,
            "count": 37
        },
        "WalkerAgentMulti.Policy.ExtrinsicValueEstimate.mean": {
            "value": -0.2854618728160858,
            "min": -1.393972396850586,
            "max": 2.6468141078948975,
            "count": 37
        },
        "WalkerAgentMulti.Policy.ExtrinsicValueEstimate.sum": {
            "value": -180.98281860351562,
            "min": -890.7483520507812,
            "max": 1738.9569091796875,
            "count": 37
        },
        "WalkerAgentMulti.Losses.PolicyLoss.mean": {
            "value": 0.24619315284065912,
            "min": 0.22781344252996616,
            "max": 0.25592634849382695,
            "count": 37
        },
        "WalkerAgentMulti.Losses.PolicyLoss.sum": {
            "value": 14.771589170439547,
            "min": 0.2530601874252625,
            "max": 15.857454798269968,
            "count": 37
        },
        "WalkerAgentMulti.Losses.ValueLoss.mean": {
            "value": 0.009209268186929197,
            "min": 0.006212365638822186,
            "max": 7.81182932442042,
            "count": 37
        },
        "WalkerAgentMulti.Losses.ValueLoss.sum": {
            "value": 0.5525560912157519,
            "min": 0.122517544588239,
            "max": 499.95707676290687,
            "count": 37
        },
        "WalkerAgentMulti.Policy.LearningRate.mean": {
            "value": 0.00020518953560349866,
            "min": 0.00020518953560349866,
            "max": 0.00029042016319328,
            "count": 37
        },
        "WalkerAgentMulti.Policy.LearningRate.sum": {
            "value": 0.01231137213620992,
            "min": 0.00029042016319328,
            "max": 0.016357667507444478,
            "count": 37
        },
        "WalkerAgentMulti.Policy.Epsilon.mean": {
            "value": 0.16839650133333334,
            "min": 0.16839650133333334,
            "max": 0.19680672000000007,
            "count": 37
        },
        "WalkerAgentMulti.Policy.Epsilon.sum": {
            "value": 10.10379008,
            "min": 0.19680672000000007,
            "max": 11.93392752,
            "count": 37
        },
        "WalkerAgentMulti.Policy.Beta.mean": {
            "value": 0.0005000000000000001,
            "min": 0.0005,
            "max": 0.0005000000000000002,
            "count": 37
        },
        "WalkerAgentMulti.Policy.Beta.sum": {
            "value": 0.030000000000000006,
            "min": 0.0005000000000000001,
            "max": 0.03300000000000001,
            "count": 37
        },
        "WalkerAgentMulti.IsTraining.mean": {
            "value": 1.0,
            "min": 1.0,
            "max": 1.0,
            "count": 37
        },
        "WalkerAgentMulti.IsTraining.sum": {
            "value": 1.0,
            "min": 1.0,
            "max": 1.0,
            "count": 37
        },
        "WalkerAgentMulti.Environment.EpisodeLength.mean": {
            "value": 999.0,
            "min": 81.8,
            "max": 999.0,
            "count": 33
        },
        "WalkerAgentMulti.Environment.EpisodeLength.sum": {
            "value": 23976.0,
            "min": 3272.0,
            "max": 95904.0,
            "count": 33
        },
        "WalkerAgentMulti.Environment.CumulativeReward.mean": {
            "value": -4.206274443907508,
            "min": -4.790484705639149,
            "max": 4.477811470627785,
            "count": 33
        },
        "WalkerAgentMulti.Environment.CumulativeReward.sum": {
            "value": -100.95058665378019,
            "min": -357.7273154151626,
            "max": 333.7582541555166,
            "count": 33
        },
        "WalkerAgentMulti.Policy.ExtrinsicReward.mean": {
            "value": -4.206274443907508,
            "min": -4.790484705639149,
            "max": 4.477811470627785,
            "count": 33
        },
        "WalkerAgentMulti.Policy.ExtrinsicReward.sum": {
            "value": -100.95058665378019,
            "min": -357.7273154151626,
            "max": 333.7582541555166,
            "count": 33
        }
    },
    "metadata": {
        "timer_format_version": "0.1.0",
        "start_time_seconds": "1669885482",
        "python_version": "3.9.13 (tags/v3.9.13:6de2ca5, May 17 2022, 16:36:42) [MSC v.1929 64 bit (AMD64)]",
        "command_line_arguments": "D:\\venv_python\\unityVenv\\Scripts\\mlagents-learn config/OurConfig/multiagent256_40.yaml --env=10env7raysSphere/SwarmRobots --run-id=Multi2Layer256_8agent_7env_40Discrete --no-graphics --num-env=7 --resume",
        "mlagents_version": "0.29.0",
        "mlagents_envs_version": "0.29.0",
        "communication_protocol_version": "1.5.0",
        "pytorch_version": "1.7.1+cu110",
        "numpy_version": "1.21.2",
        "end_time_seconds": "1669891941"
    },
    "total": 6459.5967912,
    "count": 1,
    "self": 0.9753080999998929,
    "children": {
        "run_training.setup": {
            "total": 0.4766594999999998,
            "count": 1,
            "self": 0.4766594999999998
        },
        "TrainerController.start_learning": {
            "total": 6458.1448236,
            "count": 1,
            "self": 0.3580227000020386,
            "children": {
                "TrainerController._reset_env": {
                    "total": 6.7431092999999995,
                    "count": 1,
                    "self": 6.7431092999999995
                },
                "TrainerController.advance": {
                    "total": 6450.917176199997,
                    "count": 8746,
                    "self": 0.35786659998757386,
                    "children": {
                        "env_step": {
                            "total": 180.66117870001318,
                            "count": 8746,
                            "self": 90.38203390006386,
                            "children": {
                                "SubprocessEnvManager._take_step": {
                                    "total": 90.06205859996841,
                                    "count": 18896,
                                    "self": 2.8131253999500814,
                                    "children": {
                                        "TorchPolicy.evaluate": {
                                            "total": 87.24893320001833,
                                            "count": 18751,
                                            "self": 25.01537459999731,
                                            "children": {
                                                "TorchPolicy.sample_actions": {
                                                    "total": 62.23355860002102,
                                                    "count": 18751,
                                                    "self": 62.23355860002102
                                                }
                                            }
                                        }
                                    }
                                },
                                "workers": {
                                    "total": 0.21708619998091372,
                                    "count": 8746,
                                    "self": 0.0,