{
    "name": "root",
    "gauges": {
        "WalkerAgentMulti.Policy.Entropy.mean": {
            "value": 3.5517148971557617,
            "min": 3.500643014907837,
            "max": 3.974976062774658,
            "count": 13
        },
        "WalkerAgentMulti.Policy.Entropy.sum": {
            "value": 144909.96875,
            "min": 20351.876953125,
            "max": 154068.453125,
            "count": 13
        },
        "WalkerAgentMulti.Environment.EpisodeLength.mean": {
            "value": 958.2,
            "min": 59.0,
            "max": 999.0,
            "count": 13
        },
        "WalkerAgentMulti.Environment.EpisodeLength.sum": {
            "value": 38328.0,
            "min": 472.0,
            "max": 66224.0,
            "count": 13
        },
        "WalkerAgentMulti.Step.mean": {
            "value": 2199984.0,
            "min": 1719936.0,
            "max": 2199984.0,
            "count": 13
        },
        "WalkerAgentMulti.Step.sum": {
            "value": 2199984.0,
            "min": 1719936.0,
            "max": 2199984.0,
            "count": 13
        },
        "WalkerAgentMulti.Policy.ExtrinsicValueEstimate.mean": {
            "value": -0.012208124622702599,
            "min": -0.3351321816444397,
            "max": 1.824455738067627,
            "count": 13
        },
        "WalkerAgentMulti.Policy.ExtrinsicValueEstimate.sum": {
            "value": -7.837615966796875,
            "min": -214.48458862304688,
            "max": 1056.2828369140625,
            "count": 13
        },
        "WalkerAgentMulti.Environment.CumulativeReward.mean": {
            "value": -1.053808852599468,
            "min": -2.986612689885078,
            "max": 4.484654724597931,
            "count": 13
        },
        "WalkerAgentMulti.Environment.CumulativeReward.sum": {
            "value": -42.15235410397872,
            "min": -169.5320045556873,
            "max": 231.4641681164503,
            "count": 13
        },
        "WalkerAgentMulti.Policy.ExtrinsicReward.mean": {
            "value": -1.053808852599468,
            "min": -2.986612689885078,
            "max": 4.484654724597931,
            "count": 13
        },
        "WalkerAgentMulti.Policy.ExtrinsicReward.sum": {
            "value": -42.15235410397872,
            "min": -169.5320045556873,
            "max": 231.4641681164503,
            "count": 13
        },
        "WalkerAgentMulti.Losses.PolicyLoss.mean": {
            "value": 0.24827901080024586,
            "min": 0.23724662683473444,
            "max": 0.25724887272614677,
            "count": 13
        },
        "WalkerAgentMulti.Losses.PolicyLoss.sum": {
            "value": 20.110599874819915,
            "min": 0.25724887272614677,
            "max": 20.225530896612714,
            "count": 13
        },
        "WalkerAgentMulti.Losses.ValueLoss.mean": {
            "value": 0.04054953187261929,
            "min": 0.005152202345471555,
            "max": 1.2761968197947782,
            "count": 13
        },
        "WalkerAgentMulti.Losses.ValueLoss.sum": {
            "value": 3.2845120816821627,
            "min": 0.4018717829467813,
            "max": 11.682662135225506,
            "count": 13
        },
        "WalkerAgentMulti.Policy.LearningRate.mean": {
            "value": 0.00016918322582782814,
            "min": 0.00016918322582782814,
            "max": 0.00019698051433984003,
            "count": 13
        },
        "WalkerAgentMulti.Policy.LearningRate.sum": {
            "value": 0.01370384129205408,
            "min": 0.00019698051433984003,
            "max": 0.01564718410427296,
            "count": 13
        },
        "WalkerAgentMulti.Policy.Epsilon.mean": {
            "value": 0.1563943940740741,
            "min": 0.1563943940740741,
            "max": 0.16566016000000003,
            "count": 13
        },
        "WalkerAgentMulti.Policy.Epsilon.sum": {
            "value": 12.667945920000001,
            "min": 0.16566016000000003,
            "max": 13.41572704,
            "count": 13
        },
        "WalkerAgentMulti.Policy.Beta.mean": {
            "value": 0.0005000000000000001,
            "min": 0.0005,
            "max": 0.0005000000000000002,
            "count": 13
        },
        "WalkerAgentMulti.Policy.Beta.sum": {
            "value": 0.04050000000000001,
            "min": 0.0005,
            "max": 0.04100000000000001,
            "count": 13
        },
        "WalkerAgentMulti.IsTraining.mean": {
            "value": 1.0,
            "min": 1.0,
            "max": 1.0,
            "count": 13
        },
        "WalkerAgentMulti.IsTraining.sum": {
            "value": 1.0,
            "min": 1.0,
            "max": 1.0,
            "count": 13
        }
    },
    "metadata": {
        "timer_format_version": "0.1.0",
        "start_time_seconds": "1669894020",
        "python_version": "3.9.13 (tags/v3.9.13:6de2ca5, May 17 2022, 16:36:42) [MSC v.1929 64 bit (AMD64)]",
        "command_line_arguments": "D:\\venv_python\\unityVenv\\Scripts\\mlagents-learn config/OurConfig/multiagent256_40.yaml --env=10env7raysSphere/SwarmRobots --run-id=Multi2Layer256_8agent_7env_40Discrete --no-graphics --resume",
        "mlagents_version": "0.29.0",
        "mlagents_envs_version": "0.29.0",
        "communication_protocol_version": "1.5.0",
        "pytorch_version": "1.7.1+cu110",
        "numpy_version": "1.21.2",
        "end_time_seconds": "1669896441"
    },
    "total": 2421.7481352,
    "count": 1,
    "self": 4.974992199999633,
    "children": {
        "run_training.setup": {
            "total": 0.07892409999999994,
            "count": 1,
            "self": 0.07892409999999994
        },
        "TrainerController.start_learning": {
            "total": 2416.6942189,
            "count": 1,
            "self": 0.16670910000448202,
            "children": {
                "TrainerController._reset_env": {
                    "total": 7.4292111,
                    "count": 1,
                    "self": 7.4292111
                },
                "TrainerController.advance": {
                    "total": 2409.0150783999957,
                    "count": 6372,
                    "self": 0.1768083000029037,
                    "children": {
                        "env_step": {
                            "total": 281.32430610000006,
                            "count": 6372,
                            "self": 253.77816809999945,
                            "children": {
                                "SubprocessEnvManager._take_step": {
                                    "total": 27.452305000006874,
                                    "count": 6372,
                                    "self": 0.7448189000139962,
                                    "children": {
                                        "TorchPolicy.evaluate": {
                                            "total": 26.707486099992877,
                                            "count": 6315,
                                            "self": 7.782051400004654,
                                            "children": {
                                                "TorchPolicy.sample_actions": {
                                                    "total": 18.925434699988223,
                                                    "count": 6315,
                                                    "self": 18.925434699988223
                                                }
                                            }
                                        }
                                    }
                                },
                                "workers": {
                                    "total": 0.09383299999374195,
                                    "count": 6371,
                                    "self": 0.0,