{"count":1,"self":2140.7690752,"total":26627.432891,"children":{"InitializeActuators":{"count":4,"self":0.0010000999999999999,"total":0.0010000999999999999,"children":null},"InitializeSensors":{"count":4,"self":0.0035207999999999997,"total":0.0035207999999999997,"children":null},"AgentSendState":{"count":12479334,"self":179.8355456,"total":499.42252659999997,"children":{"CollectObservations":{"count":4991736,"self":85.8029184,"total":85.8029194,"children":null},"WriteActionMask":{"count":4991736,"self":3.0742507999999997,"total":3.0742509,"children":null},"RequestDecision":{"count":4991736,"self":8.80876,"total":230.7098106,"children":{"AgentInfo.ToProto":{"count":4991736,"self":13.0392032,"total":221.9010502,"children":{"GenerateSensorData":{"count":4991736,"self":194.1066496,"total":208.86184659999998,"children":{"RayPerceptionSensor.Perceive":{"count":4991736,"self":14.7551936,"total":14.755192999999998,"children":null}}}}}}}}},"DecideAction":{"count":12479334,"self":23348.051968,"total":23348.0512403,"children":null},"AgentAct":{"count":12479334,"self":638.9901312,"total":639.1825351,"children":{"AgentInfo.ToProto":{"count":5064,"self":0.015105799999999999,"total":0.1923812,"children":{"GenerateSensorData":{"count":5064,"self":0.163097,"total":0.1772754,"children":{"RayPerceptionSensor.Perceive":{"count":5064,"self":0.014178399999999999,"total":0.014178399999999999,"children":null}}}}}}}},"gauges":{"WalkerAgentMulti.CumulativeReward":{"count":5064,"max":9.01584,"min":-15.76232,"runningAverage":-0.805124,"value":0.422153175,"weightedAverage":-0.07568644}},"metadata":{"timer_format_version":"0.1.0","start_time_seconds":"1670285900","unity_version":"2021.3.12f1","command_line_arguments":"D:\\GIT_VC\\SwarmRobots\\mediumMaze1TrainingFreeComm\/SwarmRobots.exe -nographics -batchmode --mlagents-port 5005 -logFile D:\\GIT_VC\\SwarmRobots\\results\\4agent7envMainOneMedMaze\\run_logs\\Player-0.log","communication_protocol_version":"1.5.0","com.unity.ml-agents_version":"2.3.0-exp.2","scene_name":"MediumMaze","end_time_seconds":"1670312527"}}