{
    "name": "root",
    "gauges": {
        "WalkerAgentMulti.Policy.Entropy.mean": {
            "value": 1.6693356037139893,
            "min": 1.318257212638855,
            "max": 2.2184083461761475,
            "count": 100
        },
        "WalkerAgentMulti.Policy.Entropy.sum": {
            "value": 166746.59375,
            "min": 132026.09375,
            "max": 222337.765625,
            "count": 100
        },
        "WalkerAgentMulti.Step.mean": {
            "value": 9999960.0,
            "min": 99940.0,
            "max": 9999960.0,
            "count": 100
        },
        "WalkerAgentMulti.Step.sum": {
            "value": 9999960.0,
            "min": 99940.0,
            "max": 9999960.0,
            "count": 100
        },
        "WalkerAgentMulti.Policy.ExtrinsicValueEstimate.mean": {
            "value": 47.58518981933594,
            "min": -2024.208740234375,
            "max": 59.15922164916992,
            "count": 100
        },
        "WalkerAgentMulti.Policy.ExtrinsicValueEstimate.sum": {
            "value": 80609.3125,
            "min": -3386501.25,
            "max": 104889.296875,
            "count": 100
        },
        "WalkerAgentMulti.Losses.PolicyLoss.mean": {
            "value": 0.24441422270130336,
            "min": 0.24258436567854513,
            "max": 0.3853777109372657,
            "count": 100
        },
        "WalkerAgentMulti.Losses.PolicyLoss.sum": {
            "value": 90.18884817678094,
            "min": 88.34526532114535,
            "max": 146.0581524452237,
            "count": 100
        },
        "WalkerAgentMulti.Losses.ValueLoss.mean": {
            "value": 472816.0876791886,
            "min": 0.006862306705209918,
            "max": 1520362.4812700518,
            "count": 100
        },
        "WalkerAgentMulti.Losses.ValueLoss.sum": {
            "value": 174469136.3536206,
            "min": 2.744922682083967,
            "max": 589900642.7327801,
            "count": 100
        },
        "WalkerAgentMulti.Policy.LearningRate.mean": {
            "value": 1.5024045398820595e-06,
            "min": 1.5024045398820595e-06,
            "max": 0.00029845331073295457,
            "count": 100
        },
        "WalkerAgentMulti.Policy.LearningRate.sum": {
            "value": 0.00055438727521648,
            "min": 0.00055438727521648,
            "max": 0.1137585917804696,
            "count": 100
        },
        "WalkerAgentMulti.Policy.Epsilon.mean": {
            "value": 0.10050076834688347,
            "min": 0.10050076834688347,
            "max": 0.19948443673913047,
            "count": 100
        },
        "WalkerAgentMulti.Policy.Epsilon.sum": {
            "value": 37.08478352,
            "min": 36.08044704,
            "max": 77.59384044000001,
            "count": 100
        },
        "WalkerAgentMulti.Policy.Beta.mean": {
            "value": 0.0005000000000000001,
            "min": 0.0005000000000000001,
            "max": 0.0005000000000000001,
            "count": 100
        },
        "WalkerAgentMulti.Policy.Beta.sum": {
            "value": 0.18450000000000005,
            "min": 0.17600000000000005,
            "max": 0.20400000000000007,
            "count": 100
        },
        "WalkerAgentMulti.Environment.EpisodeLength.mean": {
            "value": 413.0833333333333,
            "min": 157.24528301886792,
            "max": 852.6896551724138,
            "count": 100
        },
        "WalkerAgentMulti.Environment.EpisodeLength.sum": {
            "value": 99140.0,
            "min": 88028.0,
            "max": 108708.0,
            "count": 100
        },
        "WalkerAgentMulti.Environment.CumulativeReward.mean": {
            "value": -1.7751109190129986,
            "min": -19.925900072935935,
            "max": 0.15200497221740536,
            "count": 100
        },
        "WalkerAgentMulti.Environment.CumulativeReward.sum": {
            "value": -426.02662056311965,
            "min": -8687.692431800067,
            "max": 96.67516233026981,
            "count": 100
        },
        "WalkerAgentMulti.Policy.ExtrinsicReward.mean": {
            "value": -1.7751109190129986,
            "min": -19.925900072935935,
            "max": 0.15200497221740536,
            "count": 100
        },
        "WalkerAgentMulti.Policy.ExtrinsicReward.sum": {
            "value": -426.02662056311965,
            "min": -8687.692431800067,
            "max": 96.67516233026981,
            "count": 100
        },
        "WalkerAgentMulti.IsTraining.mean": {
            "value": 1.0,
            "min": 1.0,
            "max": 1.0,
            "count": 100
        },
        "WalkerAgentMulti.IsTraining.sum": {
            "value": 1.0,
            "min": 1.0,
            "max": 1.0,
            "count": 100
        }
    },
    "metadata": {
        "timer_format_version": "0.1.0",
        "start_time_seconds": "1668928724",
        "python_version": "3.7.9 (tags/v3.7.9:13c94747c7, Aug 17 2020, 18:58:18) [MSC v.1900 64 bit (AMD64)]",
        "command_line_arguments": "C:\\Users\\giova\\Desktop\\Magistrale\\DeepLearningForGamesAndSimulations\\Project\\Code\\DLGSproject\\Scripts\\mlagents-learn config/multiagent.yaml --run-id=MultiAgent2",
        "mlagents_version": "0.29.0",
        "mlagents_envs_version": "0.29.0",
        "communication_protocol_version": "1.5.0",
        "pytorch_version": "1.7.1+cu110",
        "numpy_version": "1.21.2",
        "end_time_seconds": "1668972298"
    },
    "total": 43572.3032551,
    "count": 1,
    "self": 0.013668700004927814,
    "children": {
        "run_training.setup": {
            "total": 0.19187750000000037,
            "count": 1,
            "self": 0.19187750000000037
        },
        "TrainerController.start_learning": {
            "total": 43572.09770889999,
            "count": 1,
            "self": 11.091676400399592,
            "children": {
                "TrainerController._reset_env": {
                    "total": 27.130806899999996,
                    "count": 1,
                    "self": 27.130806899999996
                },
                "TrainerController.advance": {
                    "total": 43533.81870229959,
                    "count": 423182,
                    "self": 11.243200299439195,
                    "children": {
                        "env_step": {
                            "total": 8101.7004377008925,
                            "count": 423182,
                            "self": 6807.836312298059,
                            "children": {
                                "SubprocessEnvManager._take_step": {
                                    "total": 1287.4721276015575,
                                    "count": 423182,
                                    "self": 40.52401690112765,
                                    "children": {
                                        "TorchPolicy.evaluate": {
                                            "total": 1246.9481107004299,
                                            "count": 416690,
                                            "self": 668.7273673018013,
                                            "children": {
                                                "TorchPolicy.sample_actions": {
                                                    "total": 578.2207433986285,
                                                    "count": 416690,
                                                    "self": 578.2207433986285
                                                }
                                            }
                                        }
                                    }
                                },
                                "workers": {
                                    "total": 6.391997801275714,
                                    "count": 423182,
                                    "self": 0.0,