{
    "name": "root",
    "gauges": {
        "WalkerAgentMulti.Policy.Entropy.mean": {
            "value": 2.257795572280884,
            "min": 2.257795572280884,
            "max": 3.32503342628479,
            "count": 14
        },
        "WalkerAgentMulti.Policy.Entropy.sum": {
            "value": 89788.015625,
            "min": 89788.015625,
            "max": 135980.5625,
            "count": 14
        },
        "WalkerAgentMulti.Step.mean": {
            "value": 559960.0,
            "min": 39936.0,
            "max": 559960.0,
            "count": 14
        },
        "WalkerAgentMulti.Step.sum": {
            "value": 559960.0,
            "min": 39936.0,
            "max": 559960.0,
            "count": 14
        },
        "WalkerAgentMulti.Policy.ExtrinsicValueEstimate.mean": {
            "value": -0.6094735860824585,
            "min": -0.9820021390914917,
            "max": -0.3887808322906494,
            "count": 14
        },
        "WalkerAgentMulti.Policy.ExtrinsicValueEstimate.sum": {
            "value": -397.37677001953125,
            "min": -629.46337890625,
            "max": -258.53924560546875,
            "count": 14
        },
        "WalkerAgentMulti.Losses.PolicyLoss.mean": {
            "value": 0.24863021692290854,
            "min": 0.24718288656442736,
            "max": 0.2527480614187255,
            "count": 14
        },
        "WalkerAgentMulti.Losses.PolicyLoss.sum": {
            "value": 39.03494405689664,
            "min": 27.460558732114613,
            "max": 39.800728741159695,
            "count": 14
        },
        "WalkerAgentMulti.Losses.ValueLoss.mean": {
            "value": 0.04880440375523454,
            "min": 0.004742803975339193,
            "max": 0.06863440890769562,
            "count": 14
        },
        "WalkerAgentMulti.Losses.ValueLoss.sum": {
            "value": 7.6622913895718225,
            "min": 0.735134616177575,
            "max": 10.569698971785126,
            "count": 14
        },
        "WalkerAgentMulti.Policy.LearningRate.mean": {
            "value": 0.00026760704417345174,
            "min": 0.00026760704417345174,
            "max": 0.0002986021008296029,
            "count": 14
        },
        "WalkerAgentMulti.Policy.LearningRate.sum": {
            "value": 0.04201430593523192,
            "min": 0.03284623109125632,
            "max": 0.046158011113996394,
            "count": 14
        },
        "WalkerAgentMulti.Policy.Epsilon.mean": {
            "value": 0.09999999999999998,
            "min": 0.09999999999999995,
            "max": 0.09999999999999998,
            "count": 14
        },
        "WalkerAgentMulti.Policy.Epsilon.sum": {
            "value": 15.699999999999996,
            "min": 10.999999999999996,
            "max": 15.899999999999995,
            "count": 14
        },
        "WalkerAgentMulti.Policy.Beta.mean": {
            "value": 0.0005000000000000001,
            "min": 0.0005,
            "max": 0.0005000000000000002,
            "count": 14
        },
        "WalkerAgentMulti.Policy.Beta.sum": {
            "value": 0.07850000000000001,
            "min": 0.05500000000000002,
            "max": 0.07950000000000002,
            "count": 14
        },
        "WalkerAgentMulti.Environment.EpisodeLength.mean": {
            "value": 540.0555555555555,
            "min": 433.8,
            "max": 999.0,
            "count": 14
        },
        "WalkerAgentMulti.Environment.EpisodeLength.sum": {
            "value": 38884.0,
            "min": 26964.0,
            "max": 43956.0,
            "count": 14
        },
        "WalkerAgentMulti.Environment.CumulativeReward.mean": {
            "value": -4.182976125842995,
            "min": -10.15152530389076,
            "max": -2.7764855166897178,
            "count": 14
        },
        "WalkerAgentMulti.Environment.CumulativeReward.sum": {
            "value": -301.17428106069565,
            "min": -446.6671133711934,
            "max": -222.11884133517742,
            "count": 14
        },
        "WalkerAgentMulti.Policy.ExtrinsicReward.mean": {
            "value": -4.182976125842995,
            "min": -10.15152530389076,
            "max": -2.7764855166897178,
            "count": 14
        },
        "WalkerAgentMulti.Policy.ExtrinsicReward.sum": {
            "value": -301.17428106069565,
            "min": -446.6671133711934,
            "max": -222.11884133517742,
            "count": 14
        },
        "WalkerAgentMulti.IsTraining.mean": {
            "value": 1.0,
            "min": 1.0,
            "max": 1.0,
            "count": 14
        },
        "WalkerAgentMulti.IsTraining.sum": {
            "value": 1.0,
            "min": 1.0,
            "max": 1.0,
            "count": 14
        }
    },
    "metadata": {
        "timer_format_version": "0.1.0",
        "start_time_seconds": "1670870820",
        "python_version": "3.9.13 (tags/v3.9.13:6de2ca5, May 17 2022, 16:36:42) [MSC v.1929 64 bit (AMD64)]",
        "command_line_arguments": "D:\\venv_python\\unityVenv\\Scripts\\mlagents-learn config/OurConfig/ReportSettings.yaml --env=4AgentsFreeNearTarget0/SwarmRobots --run-id=4AgentsFreeNearTarget0 --no-graphics --base-port=5011 --resume",
        "mlagents_version": "0.29.0",
        "mlagents_envs_version": "0.29.0",
        "communication_protocol_version": "1.5.0",
        "pytorch_version": "1.7.1+cu110",
        "numpy_version": "1.21.2",
        "end_time_seconds": "1670875114"
    },
    "total": 4294.4221742,
    "count": 1,
    "self": 0.7595248999996329,
    "children": {
        "run_training.setup": {
            "total": 0.11388770000000004,
            "count": 1,
            "self": 0.11388770000000004
        },
        "TrainerController.start_learning": {
            "total": 4293.5487616,
            "count": 1,
            "self": 0.857177900034003,
            "children": {
                "TrainerController._reset_env": {
                    "total": 2.4422374000000002,
                    "count": 1,
                    "self": 2.4422374000000002
                },
                "TrainerController.advance": {
                    "total": 4290.064635199967,
                    "count": 25025,
                    "self": 0.8506236999937755,
                    "children": {
                        "env_step": {
                            "total": 625.8148392999681,
                            "count": 25025,
                            "self": 461.7713641999461,
                            "children": {
                                "SubprocessEnvManager._take_step": {
                                    "total": 163.5167712000337,
                                    "count": 25025,
                                    "self": 2.724829100039699,
                                    "children": {
                                        "TorchPolicy.evaluate": {
                                            "total": 160.791942099994,
                                            "count": 24833,
                                            "self": 63.26941709997686,
                                            "children": {
                                                "TorchPolicy.sample_actions": {
                                                    "total": 97.52252500001714,
                                                    "count": 24833,
                                                    "self": 97.52252500001714
                                                }
                                            }
                                        }
                                    }
                                },
                                "workers": {
                                    "total": 0.5267038999882541,
                                    "count": 25025,
                                    "self": 0.0,