{
    "name": "root",
    "gauges": {
        "WalkerAgentMulti.Policy.Entropy.mean": {
            "value": 4.198336124420166,
            "min": 4.060166835784912,
            "max": 4.202279567718506,
            "count": 24
        },
        "WalkerAgentMulti.Policy.Entropy.sum": {
            "value": 400218.96875,
            "min": 353907.65625,
            "max": 530445.1875,
            "count": 24
        },
        "WalkerAgentMulti.Environment.EpisodeLength.mean": {
            "value": 286.44444444444446,
            "min": 28.631205673758867,
            "max": 999.0,
            "count": 15
        },
        "WalkerAgentMulti.Environment.EpisodeLength.sum": {
            "value": 20624.0,
            "min": 1048.0,
            "max": 650208.0,
            "count": 15
        },
        "WalkerAgentMulti.Step.mean": {
            "value": 4999984.0,
            "min": 2699936.0,
            "max": 4999984.0,
            "count": 24
        },
        "WalkerAgentMulti.Step.sum": {
            "value": 4999984.0,
            "min": 2699936.0,
            "max": 4999984.0,
            "count": 24
        },
        "WalkerAgentMulti.Policy.ExtrinsicValueEstimate.mean": {
            "value": -0.4883135259151459,
            "min": -3.8848352432250977,
            "max": 5.846696853637695,
            "count": 24
        },
        "WalkerAgentMulti.Policy.ExtrinsicValueEstimate.sum": {
            "value": -782.7666015625,
            "min": -6068.11279296875,
            "max": 10103.091796875,
            "count": 24
        },
        "WalkerAgentMulti.Environment.CumulativeReward.mean": {
            "value": 1.1759288118686526,
            "min": -14.758992515757601,
            "max": 4.87682820367792,
            "count": 15
        },
        "WalkerAgentMulti.Environment.CumulativeReward.sum": {
            "value": 94.07430494949222,
            "min": -9192.572597717866,
            "max": 5501.0622137486935,
            "count": 15
        },
        "WalkerAgentMulti.Policy.ExtrinsicReward.mean": {
            "value": 1.1759288118686526,
            "min": -14.758992515757601,
            "max": 4.87682820367792,
            "count": 15
        },
        "WalkerAgentMulti.Policy.ExtrinsicReward.sum": {
            "value": 94.07430494949222,
            "min": -9192.572597717866,
            "max": 5501.0622137486935,
            "count": 15
        },
        "WalkerAgentMulti.Losses.PolicyLoss.mean": {
            "value": 0.24752137659472231,
            "min": 0.23326886145050893,
            "max": 0.26712522432092595,
            "count": 24
        },
        "WalkerAgentMulti.Losses.PolicyLoss.sum": {
            "value": 18.564103244604173,
            "min": 15.547795881401274,
            "max": 24.32968773223235,
            "count": 24
        },
        "WalkerAgentMulti.Losses.ValueLoss.mean": {
            "value": 46.21860908624933,
            "min": 0.06445937877257185,
            "max": 2046.4415620511572,
            "count": 24
        },
        "WalkerAgentMulti.Losses.ValueLoss.sum": {
            "value": 3466.3956814687,
            "min": 4.641075271625174,
            "max": 157576.0002779391,
            "count": 24
        },
        "WalkerAgentMulti.Policy.LearningRate.mean": {
            "value": 2.9568350144213328e-06,
            "min": 2.9568350144213328e-06,
            "max": 0.00014139209286932,
            "count": 24
        },
        "WalkerAgentMulti.Policy.LearningRate.sum": {
            "value": 0.00022176262608159997,
            "min": 0.00022176262608159997,
            "max": 0.014139209286932,
            "count": 24
        },
        "WalkerAgentMulti.Policy.Epsilon.mean": {
            "value": 0.10098557866666669,
            "min": 0.10098557866666669,
            "max": 0.14713068,
            "count": 24
        },
        "WalkerAgentMulti.Policy.Epsilon.sum": {
            "value": 7.573918400000001,
            "min": 7.573918400000001,
            "max": 14.713068000000002,
            "count": 24
        },
        "WalkerAgentMulti.Policy.Beta.mean": {
            "value": 0.0005000000000000001,
            "min": 0.0005,
            "max": 0.0005000000000000002,
            "count": 24
        },
        "WalkerAgentMulti.Policy.Beta.sum": {
            "value": 0.037500000000000006,
            "min": 0.030500000000000006,
            "max": 0.05000000000000002,
            "count": 24
        },
        "WalkerAgentMulti.IsTraining.mean": {
            "value": 1.0,
            "min": 1.0,
            "max": 1.0,
            "count": 24
        },
        "WalkerAgentMulti.IsTraining.sum": {
            "value": 1.0,
            "min": 1.0,
            "max": 1.0,
            "count": 24
        }
    },
    "metadata": {
        "timer_format_version": "0.1.0",
        "start_time_seconds": "1669752529",
        "python_version": "3.9.13 (tags/v3.9.13:6de2ca5, May 17 2022, 16:36:42) [MSC v.1929 64 bit (AMD64)]",
        "command_line_arguments": "D:\\venv_python\\unityVenv\\Scripts\\mlagents-learn config/OurConfig/multiagent512.yaml --env=36env7raysSpherecastMoreObs/SwarmRobots --run-id=Multi2Layer8agent_7env512_100stepsNewObs --no-graphics --num-env=7 --resume",
        "mlagents_version": "0.29.0",
        "mlagents_envs_version": "0.29.0",
        "communication_protocol_version": "1.5.0",
        "pytorch_version": "1.7.1+cu110",
        "numpy_version": "1.21.2",
        "end_time_seconds": "1669761327"
    },
    "total": 8797.782982100001,
    "count": 1,
    "self": 0.6541878999996698,
    "children": {
        "run_training.setup": {
            "total": 0.6142334999999999,
            "count": 1,
            "self": 0.6142334999999999
        },
        "TrainerController.start_learning": {
            "total": 8796.514560700001,
            "count": 1,
            "self": 0.14866279998386744,
            "children": {
                "TrainerController._reset_env": {
                    "total": 4.9975311,
                    "count": 1,
                    "self": 4.9975311
                },
                "TrainerController.advance": {
                    "total": 8791.257828900018,
                    "count": 3250,
                    "self": 0.14789970002675545,
                    "children": {
                        "env_step": {
                            "total": 271.5530757999836,
                            "count": 3250,
                            "self": 249.11072599993122,
                            "children": {
                                "SubprocessEnvManager._take_step": {
                                    "total": 22.362765400030497,
                                    "count": 8797,
                                    "self": 2.070764000038661,
                                    "children": {
                                        "TorchPolicy.evaluate": {
                                            "total": 20.292001399991836,
                                            "count": 8459,
                                            "self": 6.741782599998903,
                                            "children": {
                                                "TorchPolicy.sample_actions": {
                                                    "total": 13.550218799992933,
                                                    "count": 8459,
                                                    "self": 13.550218799992933
                                                }
                                            }
                                        }
                                    }
                                },
                                "workers": {
                                    "total": 0.07958440002189082,
                                    "count": 3250,
                                    "self": 0.0,