{
    "name": "root",
    "gauges": {
        "WalkerAgentMulti.Policy.Entropy.mean": {
            "value": 0.2042110413312912,
            "min": 0.2042110413312912,
            "max": 1.896602749824524,
            "count": 125
        },
        "WalkerAgentMulti.Policy.Entropy.sum": {
            "value": 8233.7890625,
            "min": 8192.44140625,
            "max": 77517.9453125,
            "count": 125
        },
        "WalkerAgentMulti.Step.mean": {
            "value": 4999952.0,
            "min": 39960.0,
            "max": 4999952.0,
            "count": 125
        },
        "WalkerAgentMulti.Step.sum": {
            "value": 4999952.0,
            "min": 39960.0,
            "max": 4999952.0,
            "count": 125
        },
        "WalkerAgentMulti.Policy.ExtrinsicValueEstimate.mean": {
            "value": 0.5491769313812256,
            "min": -0.9927232265472412,
            "max": 0.6513450741767883,
            "count": 125
        },
        "WalkerAgentMulti.Policy.ExtrinsicValueEstimate.sum": {
            "value": 452.52178955078125,
            "min": -636.3355712890625,
            "max": 551.6892700195312,
            "count": 125
        },
        "WalkerAgentMulti.Losses.PolicyLoss.mean": {
            "value": 0.24509260129687083,
            "min": 0.24349358051809808,
            "max": 0.2539646723134355,
            "count": 125
        },
        "WalkerAgentMulti.Losses.PolicyLoss.sum": {
            "value": 39.705001410093075,
            "min": 28.450993611802865,
            "max": 43.73123944352304,
            "count": 125
        },
        "WalkerAgentMulti.Losses.ValueLoss.mean": {
            "value": 0.22195599571549154,
            "min": 0.004283160105851048,
            "max": 0.2524957132995532,
            "count": 125
        },
        "WalkerAgentMulti.Losses.ValueLoss.sum": {
            "value": 35.95687130590963,
            "min": 0.6767392967244655,
            "max": 40.65180984122807,
            "count": 125
        },
        "WalkerAgentMulti.Policy.LearningRate.mean": {
            "value": 1.19756034158716e-06,
            "min": 1.19756034158716e-06,
            "max": 0.00029851583632080824,
            "count": 125
        },
        "WalkerAgentMulti.Policy.LearningRate.sum": {
            "value": 0.00019400477533711993,
            "min": 0.00019400477533711993,
            "max": 0.047128018510660556,
            "count": 125
        },
        "WalkerAgentMulti.Policy.Epsilon.mean": {
            "value": 0.09999999999999998,
            "min": 0.09999999999999995,
            "max": 0.09999999999999998,
            "count": 125
        },
        "WalkerAgentMulti.Policy.Epsilon.sum": {
            "value": 16.199999999999996,
            "min": 11.499999999999998,
            "max": 17.699999999999996,
            "count": 125
        },
        "WalkerAgentMulti.Policy.Beta.mean": {
            "value": 0.0005000000000000001,
            "min": 0.0005000000000000001,
            "max": 0.0005000000000000002,
            "count": 125
        },
        "WalkerAgentMulti.Policy.Beta.sum": {
            "value": 0.08100000000000002,
            "min": 0.05750000000000002,
            "max": 0.08850000000000002,
            "count": 125
        },
        "WalkerAgentMulti.Environment.EpisodeLength.mean": {
            "value": 104.54444444444445,
            "min": 86.93693693693693,
            "max": 966.0,
            "count": 125
        },
        "WalkerAgentMulti.Environment.EpisodeLength.sum": {
            "value": 37636.0,
            "min": 27048.0,
            "max": 52544.0,
            "count": 125
        },
        "WalkerAgentMulti.Environment.CumulativeReward.mean": {
            "value": 1.0397698669476285,
            "min": -9.300322994217277,
            "max": 1.124541355090943,
            "count": 125
        },
        "WalkerAgentMulti.Environment.CumulativeReward.sum": {
            "value": 377.4364617019892,
            "min": -558.0193796530366,
            "max": 498.17182030528784,
            "count": 125
        },
        "WalkerAgentMulti.Policy.ExtrinsicReward.mean": {
            "value": 1.0397698669476285,
            "min": -9.300322994217277,
            "max": 1.124541355090943,
            "count": 125
        },
        "WalkerAgentMulti.Policy.ExtrinsicReward.sum": {
            "value": 377.4364617019892,
            "min": -558.0193796530366,
            "max": 498.17182030528784,
            "count": 125
        },
        "WalkerAgentMulti.IsTraining.mean": {
            "value": 1.0,
            "min": 1.0,
            "max": 1.0,
            "count": 125
        },
        "WalkerAgentMulti.IsTraining.sum": {
            "value": 1.0,
            "min": 1.0,
            "max": 1.0,
            "count": 125
        }
    },
    "metadata": {
        "timer_format_version": "0.1.0",
        "start_time_seconds": "1671065428",
        "python_version": "3.9.13 (tags/v3.9.13:6de2ca5, May 17 2022, 16:36:42) [MSC v.1929 64 bit (AMD64)]",
        "command_line_arguments": "D:\\VirtualEnv\\ml-agents-env\\Scripts\\mlagents-learn config/OurConfig/ReportSettings.yaml --run-id=4AgentsNoNearTarget --env=BuiltEnvs/4AgentsNoNearTarget --no-graphics --base-port=5014",
        "mlagents_version": "0.29.0",
        "mlagents_envs_version": "0.29.0",
        "communication_protocol_version": "1.5.0",
        "pytorch_version": "1.7.1+cu110",
        "numpy_version": "1.21.2",
        "end_time_seconds": "1671095000"
    },
    "total": 29571.5986204,
    "count": 1,
    "self": 1.7177475999997114,
    "children": {
        "run_training.setup": {
            "total": 0.19318349999999995,
            "count": 1,
            "self": 0.19318349999999995
        },
        "TrainerController.start_learning": {
            "total": 29569.6876893,
            "count": 1,
            "self": 7.330941000414896,
            "children": {
                "TrainerController._reset_env": {
                    "total": 13.2900858,
                    "count": 1,
                    "self": 13.2900858
                },
                "TrainerController.advance": {
                    "total": 29548.94033029958,
                    "count": 216058,
                    "self": 7.692304198764759,
                    "children": {
                        "env_step": {
                            "total": 7060.510919600292,
                            "count": 216058,
                            "self": 6147.261449199732,
                            "children": {
                                "SubprocessEnvManager._take_step": {
                                    "total": 908.578088600641,
                                    "count": 216058,
                                    "self": 25.635269000585254,
                                    "children": {
                                        "TorchPolicy.evaluate": {
                                            "total": 882.9428196000557,
                                            "count": 208369,
                                            "self": 372.03682260019093,
                                            "children": {
                                                "TorchPolicy.sample_actions": {
                                                    "total": 510.9059969998648,
                                                    "count": 208369,
                                                    "self": 510.9059969998648
                                                }
                                            }
                                        }
                                    }
                                },
                                "workers": {
                                    "total": 4.671381799919562,
                                    "count": 216058,
                                    "self": 0.0,