{
    "name": "root",
    "gauges": {
        "WalkerAgentMulti.Policy.Entropy.mean": {
            "value": 0.33334124088287354,
            "min": 0.3078327476978302,
            "max": 1.893727421760559,
            "count": 125
        },
        "WalkerAgentMulti.Policy.Entropy.sum": {
            "value": 13408.318359375,
            "min": 12227.1171875,
            "max": 77491.328125,
            "count": 125
        },
        "WalkerAgentMulti.Step.mean": {
            "value": 4999968.0,
            "min": 39988.0,
            "max": 4999968.0,
            "count": 125
        },
        "WalkerAgentMulti.Step.sum": {
            "value": 4999968.0,
            "min": 39988.0,
            "max": 4999968.0,
            "count": 125
        },
        "WalkerAgentMulti.Policy.ExtrinsicValueEstimate.mean": {
            "value": -1.5331854820251465,
            "min": -4.991778373718262,
            "max": -0.7477622032165527,
            "count": 125
        },
        "WalkerAgentMulti.Policy.ExtrinsicValueEstimate.sum": {
            "value": -1166.754150390625,
            "min": -3194.73828125,
            "max": -600.4530639648438,
            "count": 125
        },
        "WalkerAgentMulti.Losses.PolicyLoss.mean": {
            "value": 0.24750808718025324,
            "min": 0.2430105805646637,
            "max": 0.2529427291034666,
            "count": 125
        },
        "WalkerAgentMulti.Losses.PolicyLoss.sum": {
            "value": 38.363753512939255,
            "min": 33.862896817424414,
            "max": 41.59478505663384,
            "count": 125
        },
        "WalkerAgentMulti.Losses.ValueLoss.mean": {
            "value": 2.5104790543964115,
            "min": 0.026927743347255596,
            "max": 3.128889665940752,
            "count": 125
        },
        "WalkerAgentMulti.Losses.ValueLoss.sum": {
            "value": 389.1242534314438,
            "min": 3.7698840686157835,
            "max": 486.6951747311333,
            "count": 125
        },
        "WalkerAgentMulti.Policy.LearningRate.mean": {
            "value": 1.1772206398843864e-06,
            "min": 1.1772206398843864e-06,
            "max": 0.0002986417800210854,
            "count": 125
        },
        "WalkerAgentMulti.Policy.LearningRate.sum": {
            "value": 0.0001824691991820799,
            "min": 0.0001824691991820799,
            "max": 0.0453516757827748,
            "count": 125
        },
        "WalkerAgentMulti.Policy.Epsilon.mean": {
            "value": 0.09999999999999998,
            "min": 0.09999999999999995,
            "max": 0.09999999999999998,
            "count": 125
        },
        "WalkerAgentMulti.Policy.Epsilon.sum": {
            "value": 15.499999999999996,
            "min": 13.599999999999998,
            "max": 16.799999999999997,
            "count": 125
        },
        "WalkerAgentMulti.Policy.Beta.mean": {
            "value": 0.0005000000000000001,
            "min": 0.0005,
            "max": 0.0005000000000000001,
            "count": 125
        },
        "WalkerAgentMulti.Policy.Beta.sum": {
            "value": 0.07750000000000001,
            "min": 0.068,
            "max": 0.08400000000000002,
            "count": 125
        },
        "WalkerAgentMulti.Environment.EpisodeLength.mean": {
            "value": 142.135593220339,
            "min": 116.27906976744185,
            "max": 999.0,
            "count": 125
        },
        "WalkerAgentMulti.Environment.EpisodeLength.sum": {
            "value": 33544.0,
            "min": 30072.0,
            "max": 48960.0,
            "count": 125
        },
        "WalkerAgentMulti.Environment.CumulativeReward.mean": {
            "value": -3.2153744051225073,
            "min": -49.53175570567449,
            "max": -1.9335717110959596,
            "count": 125
        },
        "WalkerAgentMulti.Environment.CumulativeReward.sum": {
            "value": -762.0437340140343,
            "min": -2378.5699392557144,
            "max": -665.1486686170101,
            "count": 125
        },
        "WalkerAgentMulti.Policy.ExtrinsicReward.mean": {
            "value": -3.2153744051225073,
            "min": -49.53175570567449,
            "max": -1.9335717110959596,
            "count": 125
        },
        "WalkerAgentMulti.Policy.ExtrinsicReward.sum": {
            "value": -762.0437340140343,
            "min": -2378.5699392557144,
            "max": -665.1486686170101,
            "count": 125
        },
        "WalkerAgentMulti.IsTraining.mean": {
            "value": 1.0,
            "min": 1.0,
            "max": 1.0,
            "count": 125
        },
        "WalkerAgentMulti.IsTraining.sum": {
            "value": 1.0,
            "min": 1.0,
            "max": 1.0,
            "count": 125
        }
    },
    "metadata": {
        "timer_format_version": "0.1.0",
        "start_time_seconds": "1670638623",
        "python_version": "3.7.9 (tags/v3.7.9:13c94747c7, Aug 17 2020, 18:58:18) [MSC v.1900 64 bit (AMD64)]",
        "command_line_arguments": "C:\\Users\\giova\\Desktop\\Magistrale\\DeepLearningForGamesAndSimulations\\Project\\Code\\DLGSproject\\Scripts\\mlagents-learn config\\OurConfig\\multiagent256.yaml --run-id=4AgentsNoCommWithHigherTargetRewardsAndExistPenalty2",
        "mlagents_version": "0.29.0",
        "mlagents_envs_version": "0.29.0",
        "communication_protocol_version": "1.5.0",
        "pytorch_version": "1.7.1+cu110",
        "numpy_version": "1.21.2",
        "end_time_seconds": "1670664434"
    },
    "total": 25810.9847002,
    "count": 1,
    "self": 0.009559500002069399,
    "children": {
        "run_training.setup": {
            "total": 0.9693609999999993,
            "count": 1,
            "self": 0.9693609999999993
        },
        "TrainerController.start_learning": {
            "total": 25810.005779699997,
            "count": 1,
            "self": 7.365851200316683,
            "children": {
                "TrainerController._reset_env": {
                    "total": 15.5525099,
                    "count": 1,
                    "self": 15.5525099
                },
                "TrainerController.advance": {
                    "total": 25787.00102519968,
                    "count": 212409,
                    "self": 8.379972399474354,
                    "children": {
                        "env_step": {
                            "total": 10499.873642800416,
                            "count": 212409,
                            "self": 7758.999591401613,
                            "children": {
                                "SubprocessEnvManager._take_step": {
                                    "total": 2735.972864399632,
                                    "count": 212409,
                                    "self": 23.973324100155423,
                                    "children": {
                                        "TorchPolicy.evaluate": {
                                            "total": 2711.9995402994764,
                                            "count": 208371,
                                            "self": 85.94798059922277,
                                            "children": {
                                                "TorchPolicy.sample_actions": {
                                                    "total": 2626.0515597002536,
                                                    "count": 208371,
                                                    "self": 2626.0515597002536
                                                }
                                            }
                                        }
                                    }
                                },
                                "workers": {
                                    "total": 4.90118699917155,
                                    "count": 212409,
                                    "self": 0.0,