{
    "name": "root",
    "gauges": {
        "WalkerAgentMulti.Policy.Entropy.mean": {
            "value": 1.5218647718429565,
            "min": 1.4907145500183105,
            "max": 3.2451539039611816,
            "count": 125
        },
        "WalkerAgentMulti.Policy.Entropy.sum": {
            "value": 60923.2890625,
            "min": 59880.78125,
            "max": 132713.8125,
            "count": 125
        },
        "WalkerAgentMulti.Step.mean": {
            "value": 4999940.0,
            "min": 39984.0,
            "max": 4999940.0,
            "count": 125
        },
        "WalkerAgentMulti.Step.sum": {
            "value": 4999940.0,
            "min": 39984.0,
            "max": 4999940.0,
            "count": 125
        },
        "WalkerAgentMulti.Policy.ExtrinsicValueEstimate.mean": {
            "value": -0.9160405397415161,
            "min": -1.3104379177093506,
            "max": -0.634322464466095,
            "count": 125
        },
        "WalkerAgentMulti.Policy.ExtrinsicValueEstimate.sum": {
            "value": -589.9301147460938,
            "min": -843.9219970703125,
            "max": -422.3799133300781,
            "count": 125
        },
        "WalkerAgentMulti.Policy.CuriosityValueEstimate.mean": {
            "value": -0.3874287009239197,
            "min": -1.8890070915222168,
            "max": 5.548380374908447,
            "count": 125
        },
        "WalkerAgentMulti.Policy.CuriosityValueEstimate.sum": {
            "value": -249.5040740966797,
            "min": -1256.189697265625,
            "max": 3567.608642578125,
            "count": 125
        },
        "WalkerAgentMulti.Losses.PolicyLoss.mean": {
            "value": 0.24517895695139,
            "min": 0.23970096525976978,
            "max": 0.2515365081669774,
            "count": 125
        },
        "WalkerAgentMulti.Losses.PolicyLoss.sum": {
            "value": 37.75755937051406,
            "min": 23.62400873110255,
            "max": 40.497377814883365,
            "count": 125
        },
        "WalkerAgentMulti.Losses.ValueLoss.mean": {
            "value": 7.036591256345589,
            "min": 0.0029041157575536167,
            "max": 69.29065320389095,
            "count": 125
        },
        "WalkerAgentMulti.Losses.ValueLoss.sum": {
            "value": 1083.6350534772207,
            "min": 0.46465852120857865,
            "max": 10255.016674175862,
            "count": 125
        },
        "WalkerAgentMulti.Policy.LearningRate.mean": {
            "value": 1.2015286904327266e-06,
            "min": 1.2015286904327266e-06,
            "max": 0.0002986894854368383,
            "count": 125
        },
        "WalkerAgentMulti.Policy.LearningRate.sum": {
            "value": 0.0001850354183266399,
            "min": 0.0001850354183266399,
            "max": 0.045503892832036,
            "count": 125
        },
        "WalkerAgentMulti.Policy.Epsilon.mean": {
            "value": 0.09999999999999996,
            "min": 0.09999999999999995,
            "max": 0.09999999999999999,
            "count": 125
        },
        "WalkerAgentMulti.Policy.Epsilon.sum": {
            "value": 15.399999999999995,
            "min": 9.599999999999998,
            "max": 16.199999999999996,
            "count": 125
        },
        "WalkerAgentMulti.Policy.Beta.mean": {
            "value": 0.0005000000000000001,
            "min": 0.0005,
            "max": 0.0005000000000000002,
            "count": 125
        },
        "WalkerAgentMulti.Policy.Beta.sum": {
            "value": 0.07700000000000001,
            "min": 0.04800000000000002,
            "max": 0.08100000000000002,
            "count": 125
        },
        "WalkerAgentMulti.Losses.CuriosityForwardLoss.mean": {
            "value": 0.129206585465206,
            "min": 0.12234324256051768,
            "max": 0.30232678394910273,
            "count": 125
        },
        "WalkerAgentMulti.Losses.CuriosityForwardLoss.sum": {
            "value": 19.897814161641723,
            "min": 16.801639481265603,
            "max": 48.37228543185644,
            "count": 125
        },
        "WalkerAgentMulti.Losses.CuriosityInverseLoss.mean": {
            "value": 0.8308502618876448,
            "min": 0.7250990278617634,
            "max": 2.3555545252406347,
            "count": 125
        },
        "WalkerAgentMulti.Losses.CuriosityInverseLoss.sum": {
            "value": 127.95094033069729,
            "min": 115.21337324073707,
            "max": 376.88872403850155,
            "count": 125
        },
        "WalkerAgentMulti.Environment.EpisodeLength.mean": {
            "value": 763.0833333333334,
            "min": 462.90909090909093,
            "max": 999.0,
            "count": 125
        },
        "WalkerAgentMulti.Environment.EpisodeLength.sum": {
            "value": 36628.0,
            "min": 25996.0,
            "max": 48456.0,
            "count": 125
        },
        "WalkerAgentMulti.Environment.CumulativeReward.mean": {
            "value": -7.554864461533725,
            "min": -11.95136694268634,
            "max": -3.7267394451932474,
            "count": 125
        },
        "WalkerAgentMulti.Environment.CumulativeReward.sum": {
            "value": -362.6334941536188,
            "min": -594.1611420586705,
            "max": -284.0330193080008,
            "count": 125
        },
        "WalkerAgentMulti.Policy.ExtrinsicReward.mean": {
            "value": -7.554864461533725,
            "min": -11.95136694268634,
            "max": -3.7267394451932474,
            "count": 125
        },
        "WalkerAgentMulti.Policy.ExtrinsicReward.sum": {
            "value": -362.6334941536188,
            "min": -594.1611420586705,
            "max": -284.0330193080008,
            "count": 125
        },
        "WalkerAgentMulti.Policy.CuriosityReward.mean": {
            "value": 2.703715968721857,
            "min": 1.8601388246353183,
            "max": 7.670441500470043,
            "count": 125
        },
        "WalkerAgentMulti.Policy.CuriosityReward.sum": {
            "value": 129.77836649864912,
            "min": 121.95674946415238,
            "max": 315.68893490731716,
            "count": 125
        },
        "WalkerAgentMulti.IsTraining.mean": {
            "value": 1.0,
            "min": 1.0,
            "max": 1.0,
            "count": 125
        },
        "WalkerAgentMulti.IsTraining.sum": {
            "value": 1.0,
            "min": 1.0,
            "max": 1.0,
            "count": 125
        }
    },
    "metadata": {
        "timer_format_version": "0.1.0",
        "start_time_seconds": "1670593277",
        "python_version": "3.7.9 (tags/v3.7.9:13c94747c7, Aug 17 2020, 18:58:18) [MSC v.1900 64 bit (AMD64)]",
        "command_line_arguments": "C:\\Users\\giova\\Desktop\\Magistrale\\DeepLearningForGamesAndSimulations\\Project\\Code\\DLGSproject\\Scripts\\mlagents-learn config\\OurConfig\\multiagent256Curiosity.yaml --run-id=4AgentsCuriosityFree --env=BuiltEnvs\\4AgentsCuriosityFree --no-graphics",
        "mlagents_version": "0.29.0",
        "mlagents_envs_version": "0.29.0",
        "communication_protocol_version": "1.5.0",
        "pytorch_version": "1.7.1+cu110",
        "numpy_version": "1.21.2",
        "end_time_seconds": "1670651705"
    },
    "total": 58425.6269234,
    "count": 1,
    "self": 0.965071499995247,
    "children": {
        "run_training.setup": {
            "total": 0.16780739999999994,
            "count": 1,
            "self": 0.16780739999999994
        },
        "TrainerController.start_learning": {
            "total": 58424.4940445,
            "count": 1,
            "self": 7.640801100329554,
            "children": {
                "TrainerController._reset_env": {
                    "total": 6.5285286000000005,
                    "count": 1,
                    "self": 6.5285286000000005
                },