{"count":1,"self":26.4261104,"total":12336.7142038,"children":{"InitializeActuators":{"count":288,"self":0.0040171999999999994,"total":0.0040171999999999994,"children":null},"InitializeSensors":{"count":288,"self":0.0070333999999999995,"total":0.0070333999999999995,"children":null},"AgentSendState":{"count":17034,"self":32.8808096,"total":61.7797055,"children":{"CollectObservations":{"count":490752,"self":19.3214592,"total":19.3214586,"children":null},"WriteActionMask":{"count":490752,"self":0.3898318,"total":0.3898318,"children":null},"RequestDecision":{"count":490752,"self":1.0031596,"total":9.1876041999999991,"children":{"AgentInfo.ToProto":{"count":490752,"self":1.1421158999999999,"total":8.1844445999999991,"children":{"GenerateSensorData":{"count":490752,"self":5.6865264,"total":7.0423287,"children":{"RayPerceptionSensor.Perceive":{"count":490752,"self":1.3558021999999998,"total":1.3558021999999998,"children":null}}}}}}}}},"DecideAction":{"count":17034,"self":11904.7102464,"total":11904.7103517,"children":null},"AgentAct":{"count":17034,"self":343.7769216,"total":343.7809886,"children":{"AgentInfo.ToProto":{"count":312,"self":0.001008,"total":0.0040768,"children":{"GenerateSensorData":{"count":312,"self":0.0010705,"total":0.0030688,"children":{"RayPerceptionSensor.Perceive":{"count":312,"self":0.0019982999999999997,"total":0.0019982999999999997,"children":null}}}}}}}},"gauges":{"WalkerAgentMulti.CumulativeReward":{"count":312,"max":4.90798664,"min":-1394.79077,"runningAverage":-26.356657,"value":3.812622,"weightedAverage":-0.387544155}},"metadata":{"timer_format_version":"0.1.0","start_time_seconds":"1670133978","unity_version":"2021.3.12f1","command_line_arguments":"D:\\GIT_VC\\SwarmRobots\\36env7raysSpherecastMoreObs\/SwarmRobots.exe -nographics -batchmode --mlagents-port 5006 -logFile D:\\GIT_VC\\SwarmRobots\\results\\2Lay8agent7env36train\\run_logs\\Player-1.log","communication_protocol_version":"1.5.0","com.unity.ml-agents_version":"2.3.0-exp.2","scene_name":"PseudoRandomWalls","end_time_seconds":"1670146314"}}