{"count":1,"self":3.7222123999999996,"total":6.4761066,"children":{"InitializeActuators":{"count":288,"self":0.0020144,"total":0.0020144,"children":null},"InitializeSensors":{"count":288,"self":0.0107692,"total":0.0107692,"children":null},"AgentSendState":{"count":270,"self":0.47485829999999996,"total":0.64373419999999992,"children":{"CollectObservations":{"count":7776,"self":0.14893489999999998,"total":0.14893489999999998,"children":null},"WriteActionMask":{"count":7776,"self":0.0025058,"total":0.0025058,"children":null},"RequestDecision":{"count":7776,"self":0.0065022,"total":0.017435199999999998,"children":{"RayPerceptionSensor.Perceive":{"count":7776,"self":0.010933,"total":0.010933,"children":null}}}}},"DecideAction":{"count":270,"self":0.037826599999999995,"total":0.037826599999999995,"children":null},"AgentAct":{"count":270,"self":2.055539,"total":2.0560457999999997,"children":{"RayPerceptionSensor.Perceive":{"count":112,"self":0.0005068,"total":0.0005068,"children":null}}}},"gauges":{"WalkerAgentMulti.CumulativeReward":{"count":112,"max":5.49210024,"min":4.775579,"runningAverage":4.90602446,"value":4.9757905,"weightedAverage":5.068241}},"metadata":{"timer_format_version":"0.1.0","start_time_seconds":"1669986565","unity_version":"2021.3.12f1","command_line_arguments":"D:\\GIT_VC\\SwarmRobots\\36env7raysSpherecastMoreObs\\SwarmRobots.exe","communication_protocol_version":"1.5.0","com.unity.ml-agents_version":"2.3.0-exp.2","scene_name":"PseudoRandomWalls","end_time_seconds":"1669986571"}}