{"count":1,"self":53.083535999999995,"total":17025.1856643,"children":{"InitializeActuators":{"count":288,"self":0.0058958,"total":0.0058958,"children":null},"InitializeSensors":{"count":288,"self":0.0053904,"total":0.0053904,"children":null},"AgentSendState":{"count":25101,"self":24.7511536,"total":62.722418499999996,"children":{"CollectObservations":{"count":723168,"self":26.093233599999998,"total":26.0932343,"children":null},"WriteActionMask":{"count":723168,"self":0.5355567,"total":0.5355567,"children":null},"RequestDecision":{"count":723168,"self":1.4819788,"total":11.342474399999999,"children":{"AgentInfo.ToProto":{"count":723168,"self":1.6642301,"total":9.8604956,"children":{"GenerateSensorData":{"count":723168,"self":6.4989491999999993,"total":8.1962654999999991,"children":{"RayPerceptionSensor.Perceive":{"count":723168,"self":1.6973163999999998,"total":1.6973163999999998,"children":null}}}}}}}}},"DecideAction":{"count":25101,"self":16534.7590144,"total":16534.7597298,"children":null},"AgentAct":{"count":25101,"self":374.58432,"total":374.60367329999997,"children":{"AgentInfo.ToProto":{"count":864,"self":0.002012,"total":0.0193633,"children":{"GenerateSensorData":{"count":864,"self":0.0153005,"total":0.0173513,"children":{"RayPerceptionSensor.Perceive":{"count":864,"self":0.0020507999999999998,"total":0.0020507999999999998,"children":null}}}}}}}},"gauges":{"WalkerAgentMulti.CumulativeReward":{"count":864,"max":8.000126,"min":-91.58851,"runningAverage":-2.65213871,"value":-3.596254,"weightedAverage":-3.360383}},"metadata":{"timer_format_version":"0.1.0","start_time_seconds":"1669589294","unity_version":"2021.3.12f1","command_line_arguments":"D:\\GIT_VC\\SwarmRobots\\36envNewRewards\/SwarmRobots.exe -nographics -batchmode --mlagents-port 5007 -logFile D:\\GIT_VC\\SwarmRobots\\results\\Multi3Layer8agent_7env80stepsNoVisual\\run_logs\\Player-2.log","communication_protocol_version":"1.5.0","com.unity.ml-agents_version":"2.3.0-exp.2","scene_name":"PseudoRandomWalls","end_time_seconds":"1669606318"}}