{
    "name": "root",
    "gauges": {
        "WalkerAgentMulti.Policy.Entropy.mean": {
            "value": 1.0597038269042969,
            "min": 1.0597038269042969,
            "max": 1.4530647993087769,
            "count": 125
        },
        "WalkerAgentMulti.Policy.Entropy.sum": {
            "value": 41303.015625,
            "min": 41303.015625,
            "max": 58457.41796875,
            "count": 125
        },
        "WalkerAgentMulti.Step.mean": {
            "value": 4999968.0,
            "min": 39984.0,
            "max": 4999968.0,
            "count": 125
        },
        "WalkerAgentMulti.Step.sum": {
            "value": 4999968.0,
            "min": 39984.0,
            "max": 4999968.0,
            "count": 125
        },
        "WalkerAgentMulti.Policy.ExtrinsicValueEstimate.mean": {
            "value": -0.4161664545536041,
            "min": -23.956897735595703,
            "max": 452.70343017578125,
            "count": 125
        },
        "WalkerAgentMulti.Policy.ExtrinsicValueEstimate.sum": {
            "value": -265.0980224609375,
            "min": -15332.4140625,
            "max": 289730.1875,
            "count": 125
        },
        "WalkerAgentMulti.Losses.PolicyLoss.mean": {
            "value": 0.24985174899258153,
            "min": 0.2441042117901865,
            "max": 0.27241778416907036,
            "count": 125
        },
        "WalkerAgentMulti.Losses.PolicyLoss.sum": {
            "value": 19.48843642142136,
            "min": 15.026037705705368,
            "max": 20.97616938101842,
            "count": 125
        },
        "WalkerAgentMulti.Losses.ValueLoss.mean": {
            "value": 0.008895120633522678,
            "min": 0.002507278285638359,
            "max": 73027.98600129172,
            "count": 125
        },
        "WalkerAgentMulti.Losses.ValueLoss.sum": {
            "value": 0.6938194094147689,
            "min": 0.19556770627979198,
            "max": 5623154.922099463,
            "count": 125
        },
        "WalkerAgentMulti.Policy.LearningRate.mean": {
            "value": 1.2130965187446152e-06,
            "min": 1.2130965187446152e-06,
            "max": 0.000298569168476944,
            "count": 125
        },
        "WalkerAgentMulti.Policy.LearningRate.sum": {
            "value": 9.462152846207999e-05,
            "min": 9.462152846207999e-05,
            "max": 0.023119278813573757,
            "count": 125
        },
        "WalkerAgentMulti.Policy.Epsilon.mean": {
            "value": 0.09999999999999996,
            "min": 0.09999999999999996,
            "max": 0.09999999999999996,
            "count": 125
        },
        "WalkerAgentMulti.Policy.Epsilon.sum": {
            "value": 7.799999999999997,
            "min": 5.999999999999998,
            "max": 7.899999999999997,
            "count": 125
        },
        "WalkerAgentMulti.Policy.Beta.mean": {
            "value": 0.0005000000000000002,
            "min": 0.0005000000000000001,
            "max": 0.0005000000000000002,
            "count": 125
        },
        "WalkerAgentMulti.Policy.Beta.sum": {
            "value": 0.039000000000000014,
            "min": 0.030000000000000006,
            "max": 0.039500000000000014,
            "count": 125
        },
        "WalkerAgentMulti.Environment.EpisodeLength.mean": {
            "value": 999.0,
            "min": 270.6,
            "max": 999.0,
            "count": 125
        },
        "WalkerAgentMulti.Environment.EpisodeLength.sum": {
            "value": 31968.0,
            "min": 10824.0,
            "max": 47952.0,
            "count": 125
        },
        "WalkerAgentMulti.Environment.CumulativeReward.mean": {
            "value": -4.83973601879552,
            "min": -14.953641136176884,
            "max": -1.595832328684628,
            "count": 125
        },
        "WalkerAgentMulti.Environment.CumulativeReward.sum": {
            "value": -154.87155260145664,
            "min": -598.1456454470754,
            "max": -63.83329314738512,
            "count": 125
        },
        "WalkerAgentMulti.Policy.ExtrinsicReward.mean": {
            "value": -4.83973601879552,
            "min": -14.953641136176884,
            "max": -1.595832328684628,
            "count": 125
        },
        "WalkerAgentMulti.Policy.ExtrinsicReward.sum": {
            "value": -154.87155260145664,
            "min": -598.1456454470754,
            "max": -63.83329314738512,
            "count": 125
        },
        "WalkerAgentMulti.IsTraining.mean": {
            "value": 1.0,
            "min": 1.0,
            "max": 1.0,
            "count": 125
        },
        "WalkerAgentMulti.IsTraining.sum": {
            "value": 1.0,
            "min": 1.0,
            "max": 1.0,
            "count": 125
        }
    },
    "metadata": {
        "timer_format_version": "0.1.0",
        "start_time_seconds": "1669426996",
        "python_version": "3.9.13 (tags/v3.9.13:6de2ca5, May 17 2022, 16:36:42) [MSC v.1929 64 bit (AMD64)]",
        "command_line_arguments": "D:\\venv_python\\unityVenv\\Scripts\\mlagents-learn config/OurConfig/multiagent128_3Layers.yaml --run-id=Multi3Layer8agent",
        "mlagents_version": "0.29.0",
        "mlagents_envs_version": "0.29.0",
        "communication_protocol_version": "1.5.0",
        "pytorch_version": "1.7.1+cu110",
        "numpy_version": "1.21.2",
        "end_time_seconds": "1669449671"
    },
    "total": 22675.2540492,
    "count": 1,
    "self": 0.012843799999245675,
    "children": {
        "run_training.setup": {
            "total": 0.1799054,
            "count": 1,
            "self": 0.1799054
        },
        "TrainerController.start_learning": {
            "total": 22675.0613,
            "count": 1,
            "self": 2.536309399867605,
            "children": {
                "TrainerController._reset_env": {
                    "total": 7.2078733,
                    "count": 1,
                    "self": 7.2078733
                },
                "TrainerController.advance": {
                    "total": 22665.25828590013,
                    "count": 104800,
                    "self": 2.5088127003800764,
                    "children": {
                        "env_step": {
                            "total": 3312.8497059000842,
                            "count": 104800,
                            "self": 3013.019733700106,
                            "children": {
                                "SubprocessEnvManager._take_step": {
                                    "total": 298.3780822994956,
                                    "count": 104800,
                                    "self": 9.384890899778554,
                                    "children": {
                                        "TorchPolicy.evaluate": {
                                            "total": 288.99319139971703,
                                            "count": 104188,
                                            "self": 90.00203409936466,
                                            "children": {
                                                "TorchPolicy.sample_actions": {
                                                    "total": 198.99115730035237,
                                                    "count": 104188,
                                                    "self": 198.99115730035237
                                                }
                                            }
                                        }
                                    }
                                },
                                "workers": {
                                    "total": 1.4518899004828842,
                                    "count": 104800,
                                    "self": 0.0,