{"count":1,"self":3591.7672448,"total":3757.3288279,"children":{"InitializeActuators":{"count":4,"self":0.0015263,"total":0.0015263,"children":null},"InitializeSensors":{"count":4,"self":0.0019998999999999998,"total":0.0019998999999999998,"children":null},"AgentSendState":{"count":187611,"self":11.4530624,"total":24.063191099999997,"children":{"CollectObservations":{"count":223400,"self":11.168992,"total":11.168992399999999,"children":null},"WriteActionMask":{"count":223400,"self":0.4472001,"total":0.4472001,"children":null},"RequestDecision":{"count":223400,"self":0.99393619999999994,"total":0.99393619999999994,"children":null}}},"DecideAction":{"count":187611,"self":87.687545599999993,"total":89.006508099999991,"children":{"RayPerceptionSensor.Perceive":{"count":223400,"self":1.3189602999999999,"total":1.3189602999999999,"children":null}}},"AgentAct":{"count":187611,"self":52.482454399999995,"total":52.4862757,"children":{"InitializeActuators":{"count":56,"self":0.0028236999999999997,"total":0.0028236999999999997,"children":null},"InitializeSensors":{"count":56,"self":0.0009983,"total":0.0009983,"children":null}}}},"gauges":{"WalkerAgentMulti.CumulativeReward":{"count":144,"max":0.8657052,"min":-2.23952222,"runningAverage":-0.91239965,"value":-1.66343188,"weightedAverage":-0.9999076}},"metadata":{"timer_format_version":"0.1.0","start_time_seconds":"1670534430","unity_version":"2021.3.12f1","command_line_arguments":"D:\\UnityHub\\2021.3.12f1\\Editor\\Unity.exe -projectpath D:\\GIT_VC\\SwarmRobots -useHub -hubIPC -cloudEnvironment production -licensingIpc LicenseClient-tcara -hubSessionId f3702c40-75a2-11ed-8bb2-4145b01327c1 -accessToken M_z5QxN1SChYgLTdsvS01ySBYXzXWlkj4RTaWNC9DtE007f","communication_protocol_version":"1.5.0","com.unity.ml-agents_version":"2.3.0-exp.2","scene_name":"BigMazeTest","end_time_seconds":"1670538187"}}