{"count":1,"self":71.7715904,"total":74.982928,"children":{"InitializeActuators":{"count":4,"self":0.0019996,"total":0.0019996,"children":null},"InitializeSensors":{"count":4,"self":0.0041465999999999994,"total":0.0041465999999999994,"children":null},"AgentSendState":{"count":3502,"self":0.2535215,"total":0.4509029,"children":{"CollectObservations":{"count":4000,"self":0.15444149999999998,"total":0.15444149999999998,"children":null},"WriteActionMask":{"count":4000,"self":0.0087413,"total":0.0087413,"children":null},"RequestDecision":{"count":4000,"self":0.034198599999999996,"total":0.034198599999999996,"children":null}}},"DecideAction":{"count":3502,"self":1.6618689999999998,"total":1.6922909,"children":{"RayPerceptionSensor.Perceive":{"count":4000,"self":0.030421899999999998,"total":0.030421899999999998,"children":null}}},"AgentAct":{"count":3502,"self":1.0544385,"total":1.0609925999999998,"children":{"InitializeActuators":{"count":56,"self":0.0020268,"total":0.0020268,"children":null},"InitializeSensors":{"count":56,"self":0.0045273,"total":0.0045273,"children":null}}}},"gauges":{"WalkerAgentMulti.CumulativeReward":{"count":144,"max":1.1757288,"min":-0.3347384,"runningAverage":0.724695742,"value":0.7660565,"weightedAverage":0.6625321}},"metadata":{"timer_format_version":"0.1.0","start_time_seconds":"1670534226","unity_version":"2021.3.12f1","command_line_arguments":"D:\\UnityHub\\2021.3.12f1\\Editor\\Unity.exe -projectpath D:\\GIT_VC\\SwarmRobots -useHub -hubIPC -cloudEnvironment production -licensingIpc LicenseClient-tcara -hubSessionId f3702c40-75a2-11ed-8bb2-4145b01327c1 -accessToken M_z5QxN1SChYgLTdsvS01ySBYXzXWlkj4RTaWNC9DtE007f","communication_protocol_version":"1.5.0","com.unity.ml-agents_version":"2.3.0-exp.2","scene_name":"MultipleAgentsSimple","end_time_seconds":"1670534301"}}