{"count":1,"self":58.214297599999995,"total":59.796517599999994,"children":{"InitializeActuators":{"count":24,"self":0.0021364,"total":0.0021364,"children":null},"InitializeSensors":{"count":24,"self":0.0031634999999999996,"total":0.0031634999999999996,"children":null},"AgentSendState":{"count":2758,"self":0.18816629999999998,"total":0.3702044,"children":{"CollectObservations":{"count":6624,"self":0.1070825,"total":0.1070825,"children":null},"WriteActionMask":{"count":6624,"self":0.013810699999999999,"total":0.013810699999999999,"children":null},"RequestDecision":{"count":6624,"self":0.039371699999999996,"total":0.061144899999999995,"children":{"RayPerceptionSensor.Perceive":{"count":6624,"self":0.0217732,"total":0.0217732,"children":null}}}}},"DecideAction":{"count":2758,"self":0.099911099999999989,"total":0.099911099999999989,"children":null},"AgentAct":{"count":2758,"self":1.1053612,"total":1.1053612,"children":{"RayPerceptionSensor.Perceive":{"count":44,"self":0,"total":0,"children":null}}}},"gauges":{"WalkerAgentMulti.CumulativeReward":{"count":44,"max":1.63476717,"min":-1.86405456,"runningAverage":0.533789456,"value":0.7475867,"weightedAverage":0.5415938}},"metadata":{"timer_format_version":"0.1.0","start_time_seconds":"1669286686","unity_version":"2021.3.12f1","command_line_arguments":"D:\\UnityHub\\2021.3.12f1\\Editor\\Unity.exe -projectpath D:\\GIT_VC\\SwarmRobots -useHub -hubIPC -cloudEnvironment production -licensingIpc LicenseClient-tcara -hubSessionId 06e12ea0-6b2b-11ed-a905-9d902b31f45f -accessToken 54GKHavXnE-NBtkySst2QSkXh_m20-QGPb2pi_B3-cQ007f","communication_protocol_version":"1.5.0","com.unity.ml-agents_version":"2.3.0-exp.2","scene_name":"PseudoRandomWalls","end_time_seconds":"1669286746"}}