{"count":1,"self":2000.9582592,"total":33476.1347178,"children":{"InitializeActuators":{"count":24,"self":0.0030028,"total":0.0030028,"children":null},"InitializeSensors":{"count":24,"self":0.0050003,"total":0.0050003,"children":null},"AgentSendState":{"count":2500384,"self":357.9728896,"total":712.3773102,"children":{"CollectObservations":{"count":6000936,"self":124.51336959999999,"total":124.51337339999999,"children":null},"WriteActionMask":{"count":6000936,"self":6.67854,"total":6.67854,"children":null},"RequestDecision":{"count":6000936,"self":26.3373472,"total":223.2125156,"children":{"AgentInfo.ToProto":{"count":6000936,"self":23.7357376,"total":196.87516889999998,"children":{"GenerateSensorData":{"count":6000936,"self":146.036416,"total":173.1394316,"children":{"RayPerceptionSensor.Perceive":{"count":6000936,"self":27.1030208,"total":27.1030204,"children":null}}}}}}}}},"DecideAction":{"count":2500384,"self":28112.4405248,"total":28112.441301799998,"children":null},"AgentAct":{"count":2500384,"self":2650.130432,"total":2650.3467516,"children":{"AgentInfo.ToProto":{"count":6028,"self":0.0382638,"total":0.21629299999999999,"children":{"GenerateSensorData":{"count":6028,"self":0.15299459999999998,"total":0.1780292,"children":{"RayPerceptionSensor.Perceive":{"count":6028,"self":0.025034599999999997,"total":0.025034599999999997,"children":null}}}}}}}},"gauges":{"WalkerAgentMulti.CumulativeReward":{"count":6028,"max":502.054138,"min":-46.4378471,"runningAverage":-6.08722353,"value":-7.47826433,"weightedAverage":-9.29022}},"metadata":{"timer_format_version":"0.1.0","start_time_seconds":"1669688071","unity_version":"2021.3.12f1","command_line_arguments":"D:\\Program Files\\Unity\\Hub\\Editor\\2021.3.12f1\\Editor\\Unity.exe -projectpath D:\\UnityProjects\\SwarmRobots -useHub -hubIPC -cloudEnvironment production -licensingIpc LicenseClient-Ale -hubSessionId 43a46390-6f7f-11ed-b643-95eec5895442 -accessToken WiiqtRHZ_-H1pTyGNCadvcg8ucKYF86ijQFbIDDqFpk005f","communication_protocol_version":"1.5.0","com.unity.ml-agents_version":"2.3.0-exp.2","scene_name":"PseudoRandomWalls","end_time_seconds":"1669721547"}}