{"count":1,"self":1611.6657152,"total":20967.246693099998,"children":{"InitializeActuators":{"count":24,"self":0.0019982,"total":0.0019982,"children":null},"InitializeSensors":{"count":24,"self":0.0060012,"total":0.0060012,"children":null},"AgentSendState":{"count":2083601,"self":246.45706239999998,"total":505.54922689999995,"children":{"CollectObservations":{"count":5000664,"self":105.79821439999999,"total":105.7982117,"children":null},"WriteActionMask":{"count":5000664,"self":4.7524564,"total":4.7524564,"children":null},"RequestDecision":{"count":5000664,"self":17.8469296,"total":148.5415033,"children":{"AgentInfo.ToProto":{"count":5000664,"self":15.939703999999999,"total":130.6945738,"children":{"GenerateSensorData":{"count":5000664,"self":96.372735999999989,"total":114.7548695,"children":{"RayPerceptionSensor.Perceive":{"count":5000664,"self":18.3821312,"total":18.3821315,"children":null}}}}}}}}},"DecideAction":{"count":2083601,"self":17636.5699072,"total":17636.570137799998,"children":null},"AgentAct":{"count":2083601,"self":1213.1917824,"total":1213.4536616,"children":{"AgentInfo.ToProto":{"count":7668,"self":0.047445,"total":0.2618514,"children":{"GenerateSensorData":{"count":7668,"self":0.1831499,"total":0.2144064,"children":{"RayPerceptionSensor.Perceive":{"count":7668,"self":0.0312565,"total":0.0312565,"children":null}}}}}}}},"gauges":{"WalkerAgentMulti.CumulativeReward":{"count":7668,"max":17.50957,"min":-11.21994,"runningAverage":-0.0146852359,"value":1.52189684,"weightedAverage":1.3947711}},"metadata":{"timer_format_version":"0.1.0","start_time_seconds":"1670293383","unity_version":"2021.3.12f1","command_line_arguments":"D:\\Program Files\\Unity\\Hub\\Editor\\2021.3.12f1\\Editor\\Unity.exe -projectpath D:\\UnityProjects\\SwarmRobots -useHub -hubIPC -cloudEnvironment production -licensingIpc LicenseClient-Ale -hubSessionId 891aa460-74e9-11ed-9a15-51589e4dbbf5 -accessToken 0NqWvy4EtrYfKQJqi9m9gAznwmnA7U-CuhmwpgKLfyg005f","communication_protocol_version":"1.5.0","com.unity.ml-agents_version":"2.3.0-exp.2","scene_name":"PseudoRandomWalls","end_time_seconds":"1670314350"}}