{"count":1,"self":1531.1062015999998,"total":24254.3341901,"children":{"InitializeActuators":{"count":36,"self":0.0009989,"total":0.0009989,"children":null},"InitializeSensors":{"count":36,"self":0.0035191,"total":0.0035191,"children":null},"AgentSendState":{"count":1389067,"self":156.1738368,"total":411.1641115,"children":{"CollectObservations":{"count":5000652,"self":94.1924288,"total":94.1924313,"children":null},"WriteActionMask":{"count":5000652,"self":8.9937936,"total":8.9937933,"children":null},"RequestDecision":{"count":5000652,"self":39.0563584,"total":151.8040542,"children":{"AgentInfo.ToProto":{"count":5000652,"self":26.5306672,"total":112.74769579999999,"children":{"GenerateSensorData":{"count":5000652,"self":65.6222464,"total":86.217029099999991,"children":{"RayPerceptionSensor.Perceive":{"count":5000652,"self":20.5947808,"total":20.59478,"children":null}}}}}}}}},"DecideAction":{"count":1389067,"self":21577.4461952,"total":21577.4463913,"children":null},"AgentAct":{"count":1389067,"self":734.47290879999991,"total":734.61200809999991,"children":{"AgentInfo.ToProto":{"count":5130,"self":0.037021899999999996,"total":0.13908489999999998,"children":{"GenerateSensorData":{"count":5130,"self":0.0774604,"total":0.102063,"children":{"RayPerceptionSensor.Perceive":{"count":5130,"self":0.0246026,"total":0.0246026,"children":null}}}}}}}},"gauges":{"WalkerAgentMulti.CumulativeReward":{"count":5130,"max":1.70178044,"min":-203.933914,"runningAverage":-4.90284,"value":-4.326762,"weightedAverage":-3.867065}},"metadata":{"timer_format_version":"0.1.0","start_time_seconds":"1669390599","unity_version":"2021.3.12f1","command_line_arguments":"D:\\UnityHub\\2021.3.12f1\\Editor\\Unity.exe -projectpath D:\\GIT_VC\\SwarmRobots -useHub -hubIPC -cloudEnvironment production -licensingIpc LicenseClient-tcara -hubSessionId 3d829cf0-6cd4-11ed-b827-2511b0371a2c","communication_protocol_version":"1.5.0","com.unity.ml-agents_version":"2.3.0-exp.2","scene_name":"PseudoRandomWalls","end_time_seconds":"1669414853"}}