{"count":1,"self":655.592448,"total":12470.7138129,"children":{"InitializeActuators":{"count":6,"self":0.0019993999999999997,"total":0.0019993999999999997,"children":null},"InitializeSensors":{"count":6,"self":0.0020011,"total":0.0020011,"children":null},"AgentSendState":{"count":833851,"self":4.1602928,"total":11.799419499999999,"children":{"CollectObservations":{"count":500316,"self":0.8488658,"total":0.8488658,"children":null},"WriteActionMask":{"count":500316,"self":0.4384922,"total":0.4384922,"children":null},"RequestDecision":{"count":500316,"self":1.7753055999999998,"total":6.3517689,"children":{"AgentInfo.ToProto":{"count":500316,"self":1.9148635999999999,"total":4.5764632999999995,"children":{"GenerateSensorData":{"count":500316,"self":2.6615995999999997,"total":2.6615995999999997,"children":null}}}}}}},"DecideAction":{"count":833851,"self":11720.3673088,"total":11720.3674441,"children":null},"AgentAct":{"count":833851,"self":82.9324736,"total":82.9494971,"children":{"AgentInfo.ToProto":{"count":996,"self":0.0069938,"total":0.0170214,"children":{"GenerateSensorData":{"count":996,"self":0.0100276,"total":0.0100276,"children":null}}}}}},"gauges":{"WalkerAgent.CumulativeReward":{"count":996,"max":-0.499970615,"min":-1.870044,"runningAverage":-0.714665353,"value":-0.499970615,"weightedAverage":-0.511196434}},"metadata":{"timer_format_version":"0.1.0","start_time_seconds":"1667584317","unity_version":"2021.3.12f1","command_line_arguments":"D:\\Program Files\\Unity\\Hub\\Editor\\2021.3.12f1\\Editor\\Unity.exe -projectpath D:\\UnityProjects\\SwarmRobots -useHub -hubIPC -cloudEnvironment production -licensingIpc LicenseClient-M8u6bZohEoLqt0IxLJmuj -hubSessionId 4a595df0-5c3b-11ed-8312-21216d9a78a9 -accessToken 3dJD9Ily1N2ojOfgzofBp5Qf9YvWVWPCSCKXSpkg-0A005f","communication_protocol_version":"1.5.0","com.unity.ml-agents_version":"2.3.0-exp.2","scene_name":"SampleScene_ale","end_time_seconds":"1667596788"}}