{
    "name": "root",
    "gauges": {
        "WalkerAgentMulti.Policy.Entropy.mean": {
            "value": 0.03176279366016388,
            "min": 0.020420458167791367,
            "max": 1.9098811149597168,
            "count": 125
        },
        "WalkerAgentMulti.Policy.Entropy.sum": {
            "value": 1258.5689697265625,
            "min": 821.882568359375,
            "max": 78106.5,
            "count": 125
        },
        "WalkerAgentMulti.Step.mean": {
            "value": 4999988.0,
            "min": 39992.0,
            "max": 4999988.0,
            "count": 125
        },
        "WalkerAgentMulti.Step.sum": {
            "value": 4999988.0,
            "min": 39992.0,
            "max": 4999988.0,
            "count": 125
        },
        "WalkerAgentMulti.Policy.ExtrinsicValueEstimate.mean": {
            "value": -1.1054375171661377,
            "min": -1.1748390197753906,
            "max": -0.8306508660316467,
            "count": 125
        },
        "WalkerAgentMulti.Policy.ExtrinsicValueEstimate.sum": {
            "value": -709.69091796875,
            "min": -751.89697265625,
            "max": -529.9552612304688,
            "count": 125
        },
        "WalkerAgentMulti.Losses.PolicyLoss.mean": {
            "value": 0.24656920241001562,
            "min": 0.24383986155059362,
            "max": 0.25285086878573704,
            "count": 125
        },
        "WalkerAgentMulti.Losses.PolicyLoss.sum": {
            "value": 37.478518766322374,
            "min": 24.486804266433488,
            "max": 40.54517158548104,
            "count": 125
        },
        "WalkerAgentMulti.Losses.ValueLoss.mean": {
            "value": 9.988389367550323e-05,
            "min": 3.10697411171673e-05,
            "max": 0.3388385262297186,
            "count": 125
        },
        "WalkerAgentMulti.Losses.ValueLoss.sum": {
            "value": 0.015182351838676491,
            "min": 0.005002228319863935,
            "max": 50.82577893445779,
            "count": 125
        },
        "WalkerAgentMulti.Policy.LearningRate.mean": {
            "value": 1.2122764380463154e-06,
            "min": 1.2122764380463154e-06,
            "max": 0.00029854337503099635,
            "count": 125
        },
        "WalkerAgentMulti.Policy.LearningRate.sum": {
            "value": 0.00018426601858303996,
            "min": 0.00018426601858303996,
            "max": 0.046534068188644,
            "count": 125
        },
        "WalkerAgentMulti.Policy.Epsilon.mean": {
            "value": 0.09999999999999998,
            "min": 0.09999999999999996,
            "max": 0.09999999999999998,
            "count": 125
        },
        "WalkerAgentMulti.Policy.Epsilon.sum": {
            "value": 15.199999999999996,
            "min": 9.899999999999997,
            "max": 16.099999999999994,
            "count": 125
        },
        "WalkerAgentMulti.Policy.Beta.mean": {
            "value": 0.0005000000000000001,
            "min": 0.0005000000000000001,
            "max": 0.0005000000000000001,
            "count": 125
        },
        "WalkerAgentMulti.Policy.Beta.sum": {
            "value": 0.07600000000000001,
            "min": 0.049500000000000016,
            "max": 0.08050000000000002,
            "count": 125
        },
        "WalkerAgentMulti.Environment.EpisodeLength.mean": {
            "value": 999.0,
            "min": 679.6666666666666,
            "max": 999.0,
            "count": 125
        },
        "WalkerAgentMulti.Environment.EpisodeLength.sum": {
            "value": 43956.0,
            "min": 24468.0,
            "max": 47952.0,
            "count": 125
        },
        "WalkerAgentMulti.Environment.CumulativeReward.mean": {
            "value": -11.025529977272857,
            "min": -11.733119646459818,
            "max": -8.070720032685333,
            "count": 125
        },
        "WalkerAgentMulti.Environment.CumulativeReward.sum": {
            "value": -485.1233190000057,
            "min": -557.4709600806236,
            "max": -290.545921176672,
            "count": 125
        },
        "WalkerAgentMulti.Policy.ExtrinsicReward.mean": {
            "value": -11.025529977272857,
            "min": -11.733119646459818,
            "max": -8.070720032685333,
            "count": 125
        },
        "WalkerAgentMulti.Policy.ExtrinsicReward.sum": {
            "value": -485.1233190000057,
            "min": -557.4709600806236,
            "max": -290.545921176672,
            "count": 125
        },
        "WalkerAgentMulti.IsTraining.mean": {
            "value": 1.0,
            "min": 1.0,
            "max": 1.0,
            "count": 125
        },
        "WalkerAgentMulti.IsTraining.sum": {
            "value": 1.0,
            "min": 1.0,
            "max": 1.0,
            "count": 125
        }
    },
    "metadata": {
        "timer_format_version": "0.1.0",
        "start_time_seconds": "1671067602",
        "python_version": "3.7.9 (tags/v3.7.9:13c94747c7, Aug 17 2020, 18:58:18) [MSC v.1900 64 bit (AMD64)]",
        "command_line_arguments": "C:\\Users\\giova\\Desktop\\Magistrale\\DeepLearningForGamesAndSimulations\\Project\\Code\\DLGSproject\\Scripts\\mlagents-learn config/OurConfig/ReportSettings.yaml --run-id=4AgentsNoCommCheckpoints --env=BuiltEnvs/4AgentsNoCommCheckpoint0 --no-graphics",
        "mlagents_version": "0.29.0",
        "mlagents_envs_version": "0.29.0",
        "communication_protocol_version": "1.5.0",
        "pytorch_version": "1.7.1+cu110",
        "numpy_version": "1.21.2",
        "end_time_seconds": "1671094138"
    },
    "total": 26535.635638699998,
    "count": 1,
    "self": 1.2565909999939322,
    "children": {
        "run_training.setup": {
            "total": 0.1783901,
            "count": 1,
            "self": 0.1783901
        },
        "TrainerController.start_learning": {
            "total": 26534.200657600002,
            "count": 1,
            "self": 7.238005699684436,
            "children": {
                "TrainerController._reset_env": {
                    "total": 6.298061499999999,
                    "count": 1,
                    "self": 6.298061499999999
                },
                "TrainerController.advance": {
                    "total": 26520.578529000315,
                    "count": 209390,
                    "self": 7.522512000618008,
                    "children": {
                        "env_step": {
                            "total": 5277.169099099321,
                            "count": 209390,
                            "self": 4532.735556497953,
                            "children": {
                                "SubprocessEnvManager._take_step": {
                                    "total": 739.4487719002457,
                                    "count": 209390,
                                    "self": 20.763150399969163,
                                    "children": {
                                        "TorchPolicy.evaluate": {
                                            "total": 718.6856215002765,
                                            "count": 208353,
                                            "self": 80.1958176006226,
                                            "children": {
                                                "TorchPolicy.sample_actions": {
                                                    "total": 638.4898038996539,
                                                    "count": 208353,
                                                    "self": 638.4898038996539
                                                }
                                            }
                                        }
                                    }
                                },
                                "workers": {
                                    "total": 4.984770701121894,
                                    "count": 209390,