{"count":1,"self":25.2223248,"total":26.222926299999997,"children":{"InitializeActuators":{"count":1,"self":0,"total":0,"children":null},"InitializeSensors":{"count":1,"self":0.0009984,"total":0.0009984,"children":null},"AgentSendState":{"count":1267,"self":0.0034490999999999996,"total":0.0115088,"children":{"CollectObservations":{"count":128,"self":0.00054409999999999994,"total":0.00054409999999999994,"children":null},"WriteActionMask":{"count":128,"self":0.0015199999999999999,"total":0.0015199999999999999,"children":null},"RequestDecision":{"count":128,"self":0.0009965,"total":0.0059955999999999994,"children":{"AgentInfo.ToProto":{"count":128,"self":0,"total":0.0049990999999999994,"children":{"GenerateSensorData":{"count":128,"self":0.0049990999999999994,"total":0.0049990999999999994,"children":null}}}}}}},"DecideAction":{"count":1267,"self":0.9794839,"total":0.9794839,"children":null},"AgentAct":{"count":1267,"self":0.0075103999999999995,"total":0.0075103999999999995,"children":null}},"gauges":{},"metadata":{"timer_format_version":"0.1.0","start_time_seconds":"1668539572","unity_version":"2021.3.13f1","command_line_arguments":"c:\/Users\/giova\/Desktop\/Magistrale\/DeepLearningForGamesAndSimulations\/Project\/Code\/SwarmRobots\/envs\/ROLLERBALL\\RollerBall.exe --mlagents-port 5215","communication_protocol_version":"1.5.0","com.unity.ml-agents_version":"2.0.1","scene_name":"SampleScene","end_time_seconds":"1668539598"}}