{
    "name": "root",
    "gauges": {
        "WalkerAgentMulti.Policy.Entropy.mean": {
            "value": 1.4645179510116577,
            "min": 1.4208297729492188,
            "max": 1.4727329015731812,
            "count": 15
        },
        "WalkerAgentMulti.Policy.Entropy.sum": {
            "value": 43794.9453125,
            "min": 35486.97265625,
            "max": 64937.15625,
            "count": 15
        },
        "WalkerAgentMulti.Environment.EpisodeLength.mean": {
            "value": 999.0,
            "min": 743.7,
            "max": 999.0,
            "count": 15
        },
        "WalkerAgentMulti.Environment.EpisodeLength.sum": {
            "value": 31968.0,
            "min": 27972.0,
            "max": 32476.0,
            "count": 15
        },
        "WalkerAgentMulti.Step.mean": {
            "value": 449704.0,
            "min": 29268.0,
            "max": 449704.0,
            "count": 15
        },
        "WalkerAgentMulti.Step.sum": {
            "value": 449704.0,
            "min": 29268.0,
            "max": 449704.0,
            "count": 15
        },
        "WalkerAgentMulti.Policy.ExtrinsicValueEstimate.mean": {
            "value": -0.32669565081596375,
            "min": -0.5462981462478638,
            "max": 1.4845329523086548,
            "count": 15
        },
        "WalkerAgentMulti.Policy.ExtrinsicValueEstimate.sum": {
            "value": -9.800869941711426,
            "min": -18.164424896240234,
            "max": 54.92771911621094,
            "count": 15
        },
        "WalkerAgentMulti.Policy.GailValueEstimate.mean": {
            "value": 0.28428253531455994,
            "min": -1.1598577499389648,
            "max": 3.8424220085144043,
            "count": 15
        },
        "WalkerAgentMulti.Policy.GailValueEstimate.sum": {
            "value": 8.528475761413574,
            "min": -44.07459259033203,
            "max": 142.16961669921875,
            "count": 15
        },
        "WalkerAgentMulti.Environment.CumulativeReward.mean": {
            "value": -9.22151597738266,
            "min": -10.385206878185272,
            "max": -3.943180850148201,
            "count": 15
        },
        "WalkerAgentMulti.Environment.CumulativeReward.sum": {
            "value": -276.6454793214798,
            "min": -311.55620634555817,
            "max": -157.72723400592804,
            "count": 15
        },
        "WalkerAgentMulti.Policy.ExtrinsicReward.mean": {
            "value": -9.22151597738266,
            "min": -10.385206878185272,
            "max": -3.943180850148201,
            "count": 15
        },
        "WalkerAgentMulti.Policy.ExtrinsicReward.sum": {
            "value": -276.6454793214798,
            "min": -311.55620634555817,
            "max": -157.72723400592804,
            "count": 15
        },
        "WalkerAgentMulti.Policy.GailReward.mean": {
            "value": 0.2350212413080347,
            "min": 0.22489741305665423,
            "max": 1.1027739218028727,
            "count": 15
        },
        "WalkerAgentMulti.Policy.GailReward.sum": {
            "value": 7.050637239241041,
            "min": 6.746922391699627,
            "max": 44.11095687211491,
            "count": 15
        },
        "WalkerAgentMulti.Losses.PolicyLoss.mean": {
            "value": 0.07541092945718436,
            "min": 0.06626649854093869,
            "max": 0.1070479731816789,
            "count": 15
        },
        "WalkerAgentMulti.Losses.PolicyLoss.sum": {
            "value": 0.6032874356574749,
            "min": 0.13267445069307762,
            "max": 0.8563837854534312,
            "count": 15
        },
        "WalkerAgentMulti.Losses.ValueLoss.mean": {
            "value": 5.614931780430275,
            "min": 0.004491478829632459,
            "max": 18.439214729365855,
            "count": 15
        },
        "WalkerAgentMulti.Losses.ValueLoss.sum": {
            "value": 44.9194542434422,
            "min": 0.031440351807427214,
            "max": 129.07450310556098,
            "count": 15
        },
        "WalkerAgentMulti.Policy.LearningRate.mean": {
            "value": 0.0002673222108926,
            "min": 0.0002673222108926,
            "max": 0.00029803635065454994,
            "count": 15
        },
        "WalkerAgentMulti.Policy.LearningRate.sum": {
            "value": 0.0021385776871408,
            "min": 0.0005960727013090999,
            "max": 0.0023013696328768,
            "count": 15
        },
        "WalkerAgentMulti.Policy.Epsilon.mean": {
            "value": 0.18910739999999998,
            "min": 0.18910739999999998,
            "max": 0.19934545000000004,
            "count": 15
        },
        "WalkerAgentMulti.Policy.Epsilon.sum": {
            "value": 1.5128591999999998,
            "min": 0.39869090000000007,
            "max": 1.5671232000000002,
            "count": 15
        },
        "WalkerAgentMulti.Policy.Beta.mean": {
            "value": 0.00891182926,
            "min": 0.00891182926,
            "max": 0.009934610455,
            "count": 15
        },
        "WalkerAgentMulti.Policy.Beta.sum": {
            "value": 0.07129463408,
            "min": 0.01986922091,
            "max": 0.07671560768,
            "count": 15
        },
        "WalkerAgentMulti.Policy.GAILPolicyEstimate.mean": {
            "value": 0.04060475512170508,
            "min": 0.03991210187274602,
            "max": 0.15542385143876686,
            "count": 15
        },
        "WalkerAgentMulti.Policy.GAILPolicyEstimate.sum": {
            "value": 0.32483804097364066,
            "min": 0.27938471310922214,
            "max": 1.087966960071368,
            "count": 15
        },
        "WalkerAgentMulti.Policy.GAILExpertEstimate.mean": {
            "value": 0.9714087898372321,
            "min": 0.8617170510445049,
            "max": 0.9714087898372321,
            "count": 15
        },
        "WalkerAgentMulti.Policy.GAILExpertEstimate.sum": {
            "value": 7.771270318697857,
            "min": 1.7234341020890098,
            "max": 7.771270318697857,
            "count": 15
        },
        "WalkerAgentMulti.Losses.GAILLoss.mean": {
            "value": 0.12607545540317572,
            "min": 0.0816557924570759,
            "max": 0.35163250625867043,
            "count": 15
        },
        "WalkerAgentMulti.Losses.GAILLoss.sum": {
            "value": 1.0086036432254057,
            "min": 0.5715905471995313,
            "max": 2.461427543810693,
            "count": 15
        },
        "WalkerAgentMulti.Policy.GAILGradMagLoss.mean": {
            "value": 0.2540196888899851,
            "min": 0.056153701642634044,
            "max": 0.594518967361294,
            "count": 15
        },
        "WalkerAgentMulti.Policy.GAILGradMagLoss.sum": {
            "value": 2.032157511119881,
            "min": 0.3930759114984383,
            "max": 2.899800135983873,
            "count": 15
        },
        "WalkerAgentMulti.Losses.PretrainingLoss.mean": {
            "value": 0.0,
            "min": 0.0,
            "max": 1.7867684960365295,
            "count": 15
        },
        "WalkerAgentMulti.Losses.PretrainingLoss.sum": {
            "value": 0.0,
            "min": 0.0,
            "max": 11.143472969532013,
            "count": 15
        },
        "WalkerAgentMulti.IsTraining.mean": {
            "value": 1.0,
            "min": 1.0,
            "max": 1.0,
            "count": 15
        },
        "WalkerAgentMulti.IsTraining.sum": {
            "value": 1.0,
            "min": 1.0,
            "max": 1.0,
            "count": 15
        }
    },
    "metadata": {
        "timer_format_version": "0.1.0",
        "start_time_seconds": "1669630399",
        "python_version": "3.7.9 (tags/v3.7.9:13c94747c7, Aug 17 2020, 18:58:18) [MSC v.1900 64 bit (AMD64)]",