{
    "name": "root",
    "gauges": {
        "WalkerAgentMulti.Policy.Entropy.mean": {
            "value": 0.17363622784614563,
            "min": 0.11923131346702576,
            "max": 1.8781155347824097,
            "count": 125
        },
        "WalkerAgentMulti.Policy.Entropy.sum": {
            "value": 6971.841796875,
            "min": 4790.2373046875,
            "max": 76807.4140625,
            "count": 125
        },
        "WalkerAgentMulti.Step.mean": {
            "value": 4999988.0,
            "min": 39988.0,
            "max": 4999988.0,
            "count": 125
        },
        "WalkerAgentMulti.Step.sum": {
            "value": 4999988.0,
            "min": 39988.0,
            "max": 4999988.0,
            "count": 125
        },
        "WalkerAgentMulti.Policy.ExtrinsicValueEstimate.mean": {
            "value": 0.5952234268188477,
            "min": -0.9617472290992737,
            "max": 0.6993864178657532,
            "count": 125
        },
        "WalkerAgentMulti.Policy.ExtrinsicValueEstimate.sum": {
            "value": 509.5112609863281,
            "min": -619.365234375,
            "max": 607.86376953125,
            "count": 125
        },
        "WalkerAgentMulti.Losses.PolicyLoss.mean": {
            "value": 0.1429966330277951,
            "min": 0.13585767905377047,
            "max": 0.1455935345617838,
            "count": 125
        },
        "WalkerAgentMulti.Losses.PolicyLoss.sum": {
            "value": 2.7169360275281074,
            "min": 2.3747313238428447,
            "max": 2.7662771566738926,
            "count": 125
        },
        "WalkerAgentMulti.Losses.ValueLoss.mean": {
            "value": 0.2134192962002989,
            "min": 0.034888443666896925,
            "max": 0.23578712281041797,
            "count": 125
        },
        "WalkerAgentMulti.Losses.ValueLoss.sum": {
            "value": 4.054966627805679,
            "min": 0.5931035423372477,
            "max": 4.479955333397942,
            "count": 125
        },
        "WalkerAgentMulti.Policy.LearningRate.mean": {
            "value": 1.212541701115789e-06,
            "min": 1.212541701115789e-06,
            "max": 0.00029870676748990115,
            "count": 125
        },
        "WalkerAgentMulti.Policy.LearningRate.sum": {
            "value": 2.303829232119999e-05,
            "min": 2.303829232119999e-05,
            "max": 0.0054494859235047185,
            "count": 125
        },
        "WalkerAgentMulti.Policy.Epsilon.mean": {
            "value": 0.10040414736842106,
            "min": 0.10040414736842106,
            "max": 0.19956892235294119,
            "count": 125
        },
        "WalkerAgentMulti.Policy.Epsilon.sum": {
            "value": 1.9076788,
            "min": 1.82176952,
            "max": 3.71649528,
            "count": 125
        },
        "WalkerAgentMulti.Policy.Beta.mean": {
            "value": 0.0010000000000000005,
            "min": 0.0010000000000000005,
            "max": 0.0010000000000000005,
            "count": 125
        },
        "WalkerAgentMulti.Policy.Beta.sum": {
            "value": 0.01900000000000001,
            "min": 0.017000000000000008,
            "max": 0.01900000000000001,
            "count": 125
        },
        "WalkerAgentMulti.Environment.EpisodeLength.mean": {
            "value": 80.31896551724138,
            "min": 77.7984496124031,
            "max": 853.8333333333334,
            "count": 125
        },
        "WalkerAgentMulti.Environment.EpisodeLength.sum": {
            "value": 37268.0,
            "min": 30532.0,
            "max": 47500.0,
            "count": 125
        },
        "WalkerAgentMulti.Environment.CumulativeReward.mean": {
            "value": 1.082043162386479,
            "min": -8.410245347457627,
            "max": 1.1852389622447836,
            "count": 125
        },
        "WalkerAgentMulti.Environment.CumulativeReward.sum": {
            "value": 502.0680273473263,
            "min": -403.6917766779661,
            "max": 569.8892454132438,
            "count": 125
        },
        "WalkerAgentMulti.Policy.ExtrinsicReward.mean": {
            "value": 1.082043162386479,
            "min": -8.410245347457627,
            "max": 1.1852389622447836,
            "count": 125
        },
        "WalkerAgentMulti.Policy.ExtrinsicReward.sum": {
            "value": 502.0680273473263,
            "min": -403.6917766779661,
            "max": 569.8892454132438,
            "count": 125
        },
        "WalkerAgentMulti.IsTraining.mean": {
            "value": 1.0,
            "min": 1.0,
            "max": 1.0,
            "count": 125
        },
        "WalkerAgentMulti.IsTraining.sum": {
            "value": 1.0,
            "min": 1.0,
            "max": 1.0,
            "count": 125
        }
    },
    "metadata": {
        "timer_format_version": "0.1.0",
        "start_time_seconds": "1670922878",
        "python_version": "3.7.9 (tags/v3.7.9:13c94747c7, Aug 17 2020, 18:58:18) [MSC v.1900 64 bit (AMD64)]",
        "command_line_arguments": "C:\\Users\\giova\\Desktop\\Magistrale\\DeepLearningForGamesAndSimulations\\Project\\Code\\DLGSproject\\Scripts\\mlagents-learn config/OurConfig/multiagent256-Right.yaml --env=BuiltEnvs\\4AgentsDistanceTrain --no-graphics --run-id=4agentsDistanceNewConfig2 --base-port=1",
        "mlagents_version": "0.29.0",
        "mlagents_envs_version": "0.29.0",
        "communication_protocol_version": "1.5.0",
        "pytorch_version": "1.7.1+cu110",
        "numpy_version": "1.21.2",
        "end_time_seconds": "1670933890"
    },
    "total": 11011.7638117,
    "count": 1,
    "self": 1.1649792000007437,
    "children": {
        "run_training.setup": {
            "total": 0.1588491999999999,
            "count": 1,
            "self": 0.1588491999999999
        },
        "TrainerController.start_learning": {
            "total": 11010.4399833,
            "count": 1,
            "self": 7.679227600126978,
            "children": {
                "TrainerController._reset_env": {
                    "total": 8.954538900000001,
                    "count": 1,
                    "self": 8.954538900000001
                },
                "TrainerController.advance": {
                    "total": 10993.698023299874,
                    "count": 218376,
                    "self": 8.167115900143472,
                    "children": {
                        "env_step": {
                            "total": 4718.4543632001005,
                            "count": 218376,
                            "self": 4237.08174540022,
                            "children": {
                                "SubprocessEnvManager._take_step": {
                                    "total": 476.4870514000176,
                                    "count": 218376,
                                    "self": 21.855230000115455,
                                    "children": {
                                        "TorchPolicy.evaluate": {
                                            "total": 454.63182139990215,
                                            "count": 208373,
                                            "self": 81.81284650005887,
                                            "children": {
                                                "TorchPolicy.sample_actions": {
                                                    "total": 372.8189748998433,
                                                    "count": 208373,
                                                    "self": 372.8189748998433
                                                }
                                            }
                                        }
                                    }
                                },
                                "workers": {
                                    "total": 4.885566399863194,
                                    "count": 218376,