{
    "name": "root",
    "gauges": {
        "WalkerAgentMulti.Policy.Entropy.mean": {
            "value": 0.41468241810798645,
            "min": 0.4139370620250702,
            "max": 0.7723879814147949,
            "count": 30
        },
        "WalkerAgentMulti.Policy.Entropy.sum": {
            "value": 16401.51953125,
            "min": 16372.0390625,
            "max": 29527.30859375,
            "count": 30
        },
        "WalkerAgentMulti.Environment.EpisodeLength.mean": {
            "value": 87.35454545454546,
            "min": 77.0,
            "max": 134.0,
            "count": 30
        },
        "WalkerAgentMulti.Environment.EpisodeLength.sum": {
            "value": 38436.0,
            "min": 34552.0,
            "max": 44552.0,
            "count": 30
        },
        "WalkerAgentMulti.Step.mean": {
            "value": 4999960.0,
            "min": 3839992.0,
            "max": 4999960.0,
            "count": 30
        },
        "WalkerAgentMulti.Step.sum": {
            "value": 4999960.0,
            "min": 3839992.0,
            "max": 4999960.0,
            "count": 30
        },
        "WalkerAgentMulti.Policy.ExtrinsicValueEstimate.mean": {
            "value": 0.5572644472122192,
            "min": 0.34519049525260925,
            "max": 0.6943607926368713,
            "count": 30
        },
        "WalkerAgentMulti.Policy.ExtrinsicValueEstimate.sum": {
            "value": 473.11749267578125,
            "min": 266.487060546875,
            "max": 570.0701904296875,
            "count": 30
        },
        "WalkerAgentMulti.Environment.CumulativeReward.mean": {
            "value": 1.2191346576437354,
            "min": 0.8333865760530277,
            "max": 1.2994857122910912,
            "count": 30
        },
        "WalkerAgentMulti.Environment.CumulativeReward.sum": {
            "value": 536.4192493632436,
            "min": 254.5598572269082,
            "max": 574.3726848326623,
            "count": 30
        },
        "WalkerAgentMulti.Policy.ExtrinsicReward.mean": {
            "value": 1.2191346576437354,
            "min": 0.8333865760530277,
            "max": 1.2994857122910912,
            "count": 30
        },
        "WalkerAgentMulti.Policy.ExtrinsicReward.sum": {
            "value": 536.4192493632436,
            "min": 254.5598572269082,
            "max": 574.3726848326623,
            "count": 30
        },
        "WalkerAgentMulti.Losses.PolicyLoss.mean": {
            "value": 0.24720920813497604,
            "min": 0.24480585190821072,
            "max": 0.2516025378935236,
            "count": 30
        },
        "WalkerAgentMulti.Losses.PolicyLoss.sum": {
            "value": 41.036728550406025,
            "min": 36.423036820508756,
            "max": 43.180291514020695,
            "count": 30
        },
        "WalkerAgentMulti.Losses.ValueLoss.mean": {
            "value": 0.2264300083966153,
            "min": 0.169502413835165,
            "max": 0.22753750300234732,
            "count": 30
        },
        "WalkerAgentMulti.Losses.ValueLoss.sum": {
            "value": 37.58738139383814,
            "min": 24.916854833769257,
            "max": 37.58738139383814,
            "count": 30
        },
        "WalkerAgentMulti.Policy.LearningRate.mean": {
            "value": 1.2219540505465057e-06,
            "min": 1.2219540505465057e-06,
            "max": 7.070045520871726e-05,
            "count": 30
        },
        "WalkerAgentMulti.Policy.LearningRate.sum": {
            "value": 0.00020284437239071997,
            "min": 0.00020284437239071997,
            "max": 0.01148808673064208,
            "count": 30
        },
        "WalkerAgentMulti.Policy.Epsilon.mean": {
            "value": 0.09999999999999996,
            "min": 0.09999999999999995,
            "max": 0.09999999999999998,
            "count": 30
        },
        "WalkerAgentMulti.Policy.Epsilon.sum": {
            "value": 16.599999999999994,
            "min": 14.699999999999998,
            "max": 17.39999999999999,
            "count": 30
        },
        "WalkerAgentMulti.Policy.Beta.mean": {
            "value": 0.0005000000000000001,
            "min": 0.0005000000000000001,
            "max": 0.0005000000000000001,
            "count": 30
        },
        "WalkerAgentMulti.Policy.Beta.sum": {
            "value": 0.08300000000000002,
            "min": 0.07350000000000001,
            "max": 0.08700000000000002,
            "count": 30
        },
        "WalkerAgentMulti.IsTraining.mean": {
            "value": 1.0,
            "min": 1.0,
            "max": 1.0,
            "count": 30
        },
        "WalkerAgentMulti.IsTraining.sum": {
            "value": 1.0,
            "min": 1.0,
            "max": 1.0,
            "count": 30
        }
    },
    "metadata": {
        "timer_format_version": "0.1.0",
        "start_time_seconds": "1670911366",
        "python_version": "3.9.13 (tags/v3.9.13:6de2ca5, May 17 2022, 16:36:42) [MSC v.1929 64 bit (AMD64)]",
        "command_line_arguments": "D:\\venv_python\\unityVenv\\Scripts\\mlagents-learn config/OurConfig/ReportSettings.yaml --env=4AgentsFreeNearAgent0/SwarmRobots --run-id=4AgentsFreeNearAgent0 --no-graphics --base-port=5012 --resume",
        "mlagents_version": "0.29.0",
        "mlagents_envs_version": "0.29.0",
        "communication_protocol_version": "1.5.0",
        "pytorch_version": "1.7.1+cu110",
        "numpy_version": "1.21.2",
        "end_time_seconds": "1670919315"
    },
    "total": 7949.7219698,
    "count": 1,
    "self": 0.9184507999998459,
    "children": {
        "run_training.setup": {
            "total": 0.16867280000000018,
            "count": 1,
            "self": 0.16867280000000018
        },
        "TrainerController.start_learning": {
            "total": 7948.6348462,
            "count": 1,
            "self": 1.7035585000094216,
            "children": {
                "TrainerController._reset_env": {
                    "total": 6.9180725,
                    "count": 1,
                    "self": 6.9180725
                },
                "TrainerController.advance": {
                    "total": 7939.93561439999,
                    "count": 52409,
                    "self": 1.5596051000211446,
                    "children": {
                        "env_step": {
                            "total": 1240.9629377999443,
                            "count": 52409,
                            "self": 951.8289541000337,
                            "children": {
                                "SubprocessEnvManager._take_step": {
                                    "total": 288.13436849993127,
                                    "count": 52409,
                                    "self": 4.816951499982679,
                                    "children": {
                                        "TorchPolicy.evaluate": {
                                            "total": 283.3174169999486,
                                            "count": 49883,
                                            "self": 100.72965999991371,
                                            "children": {
                                                "TorchPolicy.sample_actions": {
                                                    "total": 182.58775700003488,
                                                    "count": 49883,
                                                    "self": 182.58775700003488
                                                }
                                            }
                                        }
                                    }
                                },
                                "workers": {
                                    "total": 0.9996151999792904,
                                    "count": 52409,
                                    "self": 0.0,