{
    "name": "root",
    "gauges": {
        "WalkerAgentMulti.Policy.Entropy.mean": {
            "value": 0.5286170244216919,
            "min": 0.46120485663414,
            "max": 1.790289044380188,
            "count": 59
        },
        "WalkerAgentMulti.Policy.Entropy.sum": {
            "value": 21110.849609375,
            "min": 2749.884033203125,
            "max": 70469.1953125,
            "count": 59
        },
        "WalkerAgentMulti.Environment.EpisodeLength.mean": {
            "value": 183.48214285714286,
            "min": 62.0,
            "max": 975.0,
            "count": 59
        },
        "WalkerAgentMulti.Environment.EpisodeLength.sum": {
            "value": 41100.0,
            "min": 248.0,
            "max": 48508.0,
            "count": 59
        },
        "WalkerAgentMulti.Step.mean": {
            "value": 2359944.0,
            "min": 39940.0,
            "max": 2359944.0,
            "count": 59
        },
        "WalkerAgentMulti.Step.sum": {
            "value": 2359944.0,
            "min": 39940.0,
            "max": 2359944.0,
            "count": 59
        },
        "WalkerAgentMulti.Policy.ExtrinsicValueEstimate.mean": {
            "value": 0.22631020843982697,
            "min": -0.9563319683074951,
            "max": 0.5353918671607971,
            "count": 59
        },
        "WalkerAgentMulti.Policy.ExtrinsicValueEstimate.sum": {
            "value": 169.05372619628906,
            "min": -616.8341064453125,
            "max": 419.2118225097656,
            "count": 59
        },
        "WalkerAgentMulti.Environment.CumulativeReward.mean": {
            "value": 0.3945407784444147,
            "min": -9.478853213988865,
            "max": 0.8079693708381924,
            "count": 59
        },
        "WalkerAgentMulti.Environment.CumulativeReward.sum": {
            "value": 88.37713437154889,
            "min": -454.98495427146554,
            "max": 249.1030168235302,
            "count": 59
        },
        "WalkerAgentMulti.Policy.ExtrinsicReward.mean": {
            "value": 0.3945407784444147,
            "min": -9.478853213988865,
            "max": 0.8079693708381924,
            "count": 59
        },
        "WalkerAgentMulti.Policy.ExtrinsicReward.sum": {
            "value": 88.37713437154889,
            "min": -454.98495427146554,
            "max": 249.1030168235302,
            "count": 59
        },
        "WalkerAgentMulti.Losses.PolicyLoss.mean": {
            "value": 0.25151502726914404,
            "min": 0.2436867900830114,
            "max": 0.257980816171815,
            "count": 59
        },
        "WalkerAgentMulti.Losses.PolicyLoss.sum": {
            "value": 37.224224035833316,
            "min": 0.257980816171815,
            "max": 41.39727441525409,
            "count": 59
        },
        "WalkerAgentMulti.Losses.ValueLoss.mean": {
            "value": 0.159145962558256,
            "min": 0.01442695401889169,
            "max": 0.3224156652558321,
            "count": 59
        },
        "WalkerAgentMulti.Losses.ValueLoss.sum": {
            "value": 23.55360245862189,
            "min": 0.14879378284017244,
            "max": 51.586506440933135,
            "count": 59
        },
        "WalkerAgentMulti.Policy.LearningRate.mean": {
            "value": 0.00015957797005060215,
            "min": 0.00015957797005060215,
            "max": 0.00029764968078344,
            "count": 59
        },
        "WalkerAgentMulti.Policy.LearningRate.sum": {
            "value": 0.023617539567489118,
            "min": 0.00029764968078344,
            "max": 0.04703913056028991,
            "count": 59
        },
        "WalkerAgentMulti.Policy.Epsilon.mean": {
            "value": 0.09999999999999996,
            "min": 0.09999999999999995,
            "max": 0.09999999999999998,
            "count": 59
        },
        "WalkerAgentMulti.Policy.Epsilon.sum": {
            "value": 14.799999999999995,
            "min": 0.09999999999999998,
            "max": 16.499999999999993,
            "count": 59
        },
        "WalkerAgentMulti.Policy.Beta.mean": {
            "value": 0.0005000000000000001,
            "min": 0.0005,
            "max": 0.0005000000000000001,
            "count": 59
        },
        "WalkerAgentMulti.Policy.Beta.sum": {
            "value": 0.07400000000000001,
            "min": 0.0005000000000000001,
            "max": 0.08250000000000002,
            "count": 59
        },
        "WalkerAgentMulti.IsTraining.mean": {
            "value": 1.0,
            "min": 1.0,
            "max": 1.0,
            "count": 59
        },
        "WalkerAgentMulti.IsTraining.sum": {
            "value": 1.0,
            "min": 1.0,
            "max": 1.0,
            "count": 59
        }
    },
    "metadata": {
        "timer_format_version": "0.1.0",
        "start_time_seconds": "1670159225",
        "python_version": "3.7.9 (tags/v3.7.9:13c94747c7, Aug 17 2020, 18:58:18) [MSC v.1900 64 bit (AMD64)]",
        "command_line_arguments": "C:\\Users\\giova\\Desktop\\Magistrale\\DeepLearningForGamesAndSimulations\\Project\\Code\\DLGSproject\\Scripts\\mlagents-learn config/OurConfig/multiagent256.yaml --run-id=GioDiscreteRandom4agentsNOCOMM --resume",
        "mlagents_version": "0.29.0",
        "mlagents_envs_version": "0.29.0",
        "communication_protocol_version": "1.5.0",
        "pytorch_version": "1.7.1+cu110",
        "numpy_version": "1.21.2",
        "end_time_seconds": "1670174432"
    },
    "total": 15207.1586346,
    "count": 1,
    "self": 0.011660000000119908,
    "children": {
        "run_training.setup": {
            "total": 0.10158360000000011,
            "count": 1,
            "self": 0.10158360000000011
        },
        "TrainerController.start_learning": {
            "total": 15207.045391,
            "count": 1,
            "self": 4.162571000206299,
            "children": {
                "TrainerController._reset_env": {
                    "total": 10.254386,
                    "count": 1,
                    "self": 10.254386
                },
                "TrainerController.advance": {
                    "total": 15192.463872899792,
                    "count": 99968,
                    "self": 4.479026299954057,
                    "children": {
                        "env_step": {
                            "total": 3608.8461187999255,
                            "count": 99968,
                            "self": 3187.331722400024,
                            "children": {
                                "SubprocessEnvManager._take_step": {
                                    "total": 419.028440900034,
                                    "count": 99968,
                                    "self": 12.67787740002899,
                                    "children": {
                                        "TorchPolicy.evaluate": {
                                            "total": 406.350563500005,
                                            "count": 97407,
                                            "self": 139.7533457002309,
                                            "children": {
                                                "TorchPolicy.sample_actions": {
                                                    "total": 266.5972177997741,
                                                    "count": 97407,
                                                    "self": 266.5972177997741
                                                }
                                            }
                                        }
                                    }
                                },
                                "workers": {
                                    "total": 2.4859554998677673,
                                    "count": 99968,
                                    "self": 0.0,