{
    "name": "root",
    "gauges": {
        "WalkerAgentMulti.Policy.Entropy.mean": {
            "value": 1.334771990776062,
            "min": 1.3192850351333618,
            "max": 3.306201934814453,
            "count": 250
        },
        "WalkerAgentMulti.Policy.Entropy.sum": {
            "value": 53433.59375,
            "min": 52795.609375,
            "max": 135210.4375,
            "count": 250
        },
        "WalkerAgentMulti.Step.mean": {
            "value": 9999970.0,
            "min": 39948.0,
            "max": 9999970.0,
            "count": 250
        },
        "WalkerAgentMulti.Step.sum": {
            "value": 9999970.0,
            "min": 39948.0,
            "max": 9999970.0,
            "count": 250
        },
        "WalkerAgentMulti.Policy.ExtrinsicValueEstimate.mean": {
            "value": 2.81561541557312,
            "min": -0.9413434267044067,
            "max": 2.8790903091430664,
            "count": 250
        },
        "WalkerAgentMulti.Policy.ExtrinsicValueEstimate.sum": {
            "value": 2443.9541015625,
            "min": -601.5184326171875,
            "max": 2553.753173828125,
            "count": 250
        },
        "WalkerAgentMulti.Losses.PolicyLoss.mean": {
            "value": 0.24779292504028835,
            "min": 0.24254879058646547,
            "max": 0.2530081247590104,
            "count": 250
        },
        "WalkerAgentMulti.Losses.PolicyLoss.sum": {
            "value": 42.37259018188931,
            "min": 26.691562383290425,
            "max": 42.8272664639418,
            "count": 250
        },
        "WalkerAgentMulti.Losses.ValueLoss.mean": {
            "value": 1.1645857091774747,
            "min": 0.019703745646551602,
            "max": 14488.676854592131,
            "count": 250
        },
        "WalkerAgentMulti.Losses.ValueLoss.sum": {
            "value": 199.14415626934817,
            "min": 3.1525993034482562,
            "max": 2463075.0652806624,
            "count": 250
        },
        "WalkerAgentMulti.Policy.LearningRate.mean": {
            "value": 6.031629568736843e-07,
            "min": 6.031629568736843e-07,
            "max": 0.0002992931345752445,
            "count": 250
        },
        "WalkerAgentMulti.Policy.LearningRate.sum": {
            "value": 0.00010314086562540002,
            "min": 0.00010314086562540002,
            "max": 0.046463699052100516,
            "count": 250
        },
        "WalkerAgentMulti.Policy.Epsilon.mean": {
            "value": 0.09999999999999996,
            "min": 0.09999999999999995,
            "max": 0.1,
            "count": 250
        },
        "WalkerAgentMulti.Policy.Epsilon.sum": {
            "value": 17.099999999999994,
            "min": 10.599999999999998,
            "max": 17.499999999999993,
            "count": 250
        },
        "WalkerAgentMulti.Policy.Beta.mean": {
            "value": 0.0005000000000000001,
            "min": 0.0005,
            "max": 0.0005000000000000002,
            "count": 250
        },
        "WalkerAgentMulti.Policy.Beta.sum": {
            "value": 0.08550000000000002,
            "min": 0.05300000000000002,
            "max": 0.08750000000000002,
            "count": 250
        },
        "WalkerAgentMulti.Environment.EpisodeLength.mean": {
            "value": 90.2695652173913,
            "min": 82.95,
            "max": 999.0,
            "count": 250
        },
        "WalkerAgentMulti.Environment.EpisodeLength.sum": {
            "value": 41524.0,
            "min": 26664.0,
            "max": 49128.0,
            "count": 250
        },
        "WalkerAgentMulti.Environment.CumulativeReward.mean": {
            "value": 5.085968326956555,
            "min": -13.723523747129367,
            "max": 5.085968326956555,
            "count": 250
        },
        "WalkerAgentMulti.Environment.CumulativeReward.sum": {
            "value": 2324.287525419146,
            "min": -6587.291398622096,
            "max": 2324.287525419146,
            "count": 250
        },
        "WalkerAgentMulti.Policy.ExtrinsicReward.mean": {
            "value": 5.085968326956555,
            "min": -13.723523747129367,
            "max": 5.085968326956555,
            "count": 250
        },
        "WalkerAgentMulti.Policy.ExtrinsicReward.sum": {
            "value": 2324.287525419146,
            "min": -6587.291398622096,
            "max": 2324.287525419146,
            "count": 250
        },
        "WalkerAgentMulti.IsTraining.mean": {
            "value": 1.0,
            "min": 1.0,
            "max": 1.0,
            "count": 250
        },
        "WalkerAgentMulti.IsTraining.sum": {
            "value": 1.0,
            "min": 1.0,
            "max": 1.0,
            "count": 250
        }
    },
    "metadata": {
        "timer_format_version": "0.1.0",
        "start_time_seconds": "1670785950",
        "python_version": "3.7.9 (tags/v3.7.9:13c94747c7, Aug 17 2020, 18:58:18) [MSC v.1900 64 bit (AMD64)]",
        "command_line_arguments": "C:\\Users\\giova\\Desktop\\Magistrale\\DeepLearningForGamesAndSimulations\\Project\\Code\\DLGSproject\\Scripts\\mlagents-learn config\\OurConfig\\ReportSettingsMoreTime.yaml --env=BuiltEnvs\\4AgentsFreeDistanceHigherTargetTrain --no-graphics --run-id=4agentsFreeDistanceHigherTarget --base-port=5",
        "mlagents_version": "0.29.0",
        "mlagents_envs_version": "0.29.0",
        "communication_protocol_version": "1.5.0",
        "pytorch_version": "1.7.1+cu110",
        "numpy_version": "1.21.2",
        "end_time_seconds": "1670851290"
    },
    "total": 65339.6641392,
    "count": 1,
    "self": 0.8650436000098125,
    "children": {
        "run_training.setup": {
            "total": 0.1251660000000001,
            "count": 1,
            "self": 0.1251660000000001
        },
        "TrainerController.start_learning": {
            "total": 65338.673929599994,
            "count": 1,
            "self": 12.116249500490085,
            "children": {
                "TrainerController._reset_env": {
                    "total": 14.260786099999999,
                    "count": 1,
                    "self": 14.260786099999999
                },
                "TrainerController.advance": {
                    "total": 65312.2280578995,
                    "count": 426430,
                    "self": 12.33349309656478,
                    "children": {
                        "env_step": {
                            "total": 8190.43595010079,
                            "count": 426430,
                            "self": 7267.288377000812,
                            "children": {
                                "SubprocessEnvManager._take_step": {
                                    "total": 915.7873938999494,
                                    "count": 426430,
                                    "self": 34.02310169815155,
                                    "children": {
                                        "TorchPolicy.evaluate": {
                                            "total": 881.7642922017978,
                                            "count": 416691,
                                            "self": 152.68178590531943,
                                            "children": {
                                                "TorchPolicy.sample_actions": {
                                                    "total": 729.0825062964784,
                                                    "count": 416691,
                                                    "self": 729.0825062964784
                                                }
                                            }
                                        }
                                    }
                                },
                                "workers": {
                                    "total": 7.360179200028442,
                                    "count": 426430,