{
    "name": "root",
    "gauges": {
        "WalkerAgentMulti.Policy.Entropy.mean": {
            "value": 0.8214004039764404,
            "min": 0.819074809551239,
            "max": 3.3021581172943115,
            "count": 250
        },
        "WalkerAgentMulti.Policy.Entropy.sum": {
            "value": 33079.4375,
            "min": 32651.59765625,
            "max": 135045.0625,
            "count": 250
        },
        "WalkerAgentMulti.Step.mean": {
            "value": 9999944.0,
            "min": 39952.0,
            "max": 9999944.0,
            "count": 250
        },
        "WalkerAgentMulti.Step.sum": {
            "value": 9999944.0,
            "min": 39952.0,
            "max": 9999944.0,
            "count": 250
        },
        "WalkerAgentMulti.Policy.ExtrinsicValueEstimate.mean": {
            "value": -0.3595893085002899,
            "min": -1.1404434442520142,
            "max": 123.01765441894531,
            "count": 250
        },
        "WalkerAgentMulti.Policy.ExtrinsicValueEstimate.sum": {
            "value": -251.35293579101562,
            "min": -772.0802001953125,
            "max": 85620.2890625,
            "count": 250
        },
        "WalkerAgentMulti.Losses.PolicyLoss.mean": {
            "value": 0.2487560162862166,
            "min": 0.2439706973417001,
            "max": 0.25842896014566064,
            "count": 250
        },
        "WalkerAgentMulti.Losses.PolicyLoss.sum": {
            "value": 40.29847463836709,
            "min": 27.790514857541904,
            "max": 41.04492330177282,
            "count": 250
        },
        "WalkerAgentMulti.Losses.ValueLoss.mean": {
            "value": 0.2548856494358751,
            "min": 0.004809499701051403,
            "max": 3038.608255342727,
            "count": 250
        },
        "WalkerAgentMulti.Losses.ValueLoss.sum": {
            "value": 41.29147520861177,
            "min": 0.7166154554566591,
            "max": 477061.4960888081,
            "count": 250
        },
        "WalkerAgentMulti.Policy.LearningRate.mean": {
            "value": 5.99013133695555e-07,
            "min": 5.99013133695555e-07,
            "max": 0.00029931274401286915,
            "count": 250
        },
        "WalkerAgentMulti.Policy.LearningRate.sum": {
            "value": 9.704012765867991e-05,
            "min": 9.704012765867991e-05,
            "max": 0.04751983144005624,
            "count": 250
        },
        "WalkerAgentMulti.Policy.Epsilon.mean": {
            "value": 0.09999999999999998,
            "min": 0.09999999999999995,
            "max": 0.09999999999999999,
            "count": 250
        },
        "WalkerAgentMulti.Policy.Epsilon.sum": {
            "value": 16.199999999999996,
            "min": 11.099999999999996,
            "max": 16.399999999999995,
            "count": 250
        },
        "WalkerAgentMulti.Policy.Beta.mean": {
            "value": 0.0005000000000000001,
            "min": 0.0005,
            "max": 0.0005000000000000002,
            "count": 250
        },
        "WalkerAgentMulti.Policy.Beta.sum": {
            "value": 0.08100000000000002,
            "min": 0.05550000000000002,
            "max": 0.08200000000000002,
            "count": 250
        },
        "WalkerAgentMulti.Environment.EpisodeLength.mean": {
            "value": 290.4054054054054,
            "min": 146.6,
            "max": 999.0,
            "count": 250
        },
        "WalkerAgentMulti.Environment.EpisodeLength.sum": {
            "value": 42980.0,
            "min": 28612.0,
            "max": 50520.0,
            "count": 250
        },
        "WalkerAgentMulti.Environment.CumulativeReward.mean": {
            "value": -1.1342810178678986,
            "min": -11.124536687042564,
            "max": 0.2109527611661525,
            "count": 250
        },
        "WalkerAgentMulti.Environment.CumulativeReward.sum": {
            "value": -167.873590644449,
            "min": -511.27583810314536,
            "max": 50.27937275543809,
            "count": 250
        },
        "WalkerAgentMulti.Policy.ExtrinsicReward.mean": {
            "value": -1.1342810178678986,
            "min": -11.124536687042564,
            "max": 0.2109527611661525,
            "count": 250
        },
        "WalkerAgentMulti.Policy.ExtrinsicReward.sum": {
            "value": -167.873590644449,
            "min": -511.27583810314536,
            "max": 50.27937275543809,
            "count": 250
        },
        "WalkerAgentMulti.IsTraining.mean": {
            "value": 1.0,
            "min": 1.0,
            "max": 1.0,
            "count": 250
        },
        "WalkerAgentMulti.IsTraining.sum": {
            "value": 1.0,
            "min": 1.0,
            "max": 1.0,
            "count": 250
        }
    },
    "metadata": {
        "timer_format_version": "0.1.0",
        "start_time_seconds": "1670587757",
        "python_version": "3.9.13 (tags/v3.9.13:6de2ca5, May 17 2022, 16:36:42) [MSC v.1929 64 bit (AMD64)]",
        "command_line_arguments": "D:\\VirtualEnv\\ml-agents-env\\Scripts\\mlagents-learn config/settingMoreTime.yaml --run-id=4AgentsFreePosition3 --env=4AgentsFreePosition3 --no-graphics --base-port=5011",
        "mlagents_version": "0.29.0",
        "mlagents_envs_version": "0.29.0",
        "communication_protocol_version": "1.5.0",
        "pytorch_version": "1.7.1+cu110",
        "numpy_version": "1.21.2",
        "end_time_seconds": "1670653246"
    },
    "total": 65489.514454000004,
    "count": 1,
    "self": 1.1828458000018145,
    "children": {
        "run_training.setup": {
            "total": 0.16751739999999993,
            "count": 1,
            "self": 0.16751739999999993
        },
        "TrainerController.start_learning": {
            "total": 65488.164090800004,
            "count": 1,
            "self": 10.616798800692777,
            "children": {
                "TrainerController._reset_env": {
                    "total": 7.930276699999999,
                    "count": 1,
                    "self": 7.930276699999999
                },
                "TrainerController.advance": {
                    "total": 65469.500661299324,
                    "count": 421740,
                    "self": 10.738522699175519,
                    "children": {
                        "env_step": {
                            "total": 11189.344027700392,
                            "count": 421740,
                            "self": 8781.648386800996,
                            "children": {
                                "SubprocessEnvManager._take_step": {
                                    "total": 2401.3954596004937,
                                    "count": 421740,
                                    "self": 37.422984399104735,
                                    "children": {
                                        "TorchPolicy.evaluate": {
                                            "total": 2363.972475201389,
                                            "count": 416703,
                                            "self": 1207.025427900471,
                                            "children": {
                                                "TorchPolicy.sample_actions": {
                                                    "total": 1156.947047300918,
                                                    "count": 416703,
                                                    "self": 1156.947047300918
                                                }
                                            }
                                        }
                                    }
                                },
                                "workers": {
                                    "total": 6.300181298901517,
                                    "count": 421740,
                                    "self": 0.0,