{
    "name": "root",
    "gauges": {
        "WalkerAgentMulti.Policy.Entropy.mean": {
            "value": 0.16704878211021423,
            "min": 0.16526542603969574,
            "max": 0.3583008050918579,
            "count": 30
        },
        "WalkerAgentMulti.Policy.Entropy.sum": {
            "value": 6739.416015625,
            "min": 3460.95751953125,
            "max": 14429.490234375,
            "count": 30
        },
        "WalkerAgentMulti.Environment.EpisodeLength.mean": {
            "value": 89.58771929824562,
            "min": 78.33333333333333,
            "max": 140.14492753623188,
            "count": 30
        },
        "WalkerAgentMulti.Environment.EpisodeLength.sum": {
            "value": 40852.0,
            "min": 7520.0,
            "max": 43220.0,
            "count": 30
        },
        "WalkerAgentMulti.Step.mean": {
            "value": 4999944.0,
            "min": 3839964.0,
            "max": 4999944.0,
            "count": 30
        },
        "WalkerAgentMulti.Step.sum": {
            "value": 4999944.0,
            "min": 3839964.0,
            "max": 4999944.0,
            "count": 30
        },
        "WalkerAgentMulti.Policy.ExtrinsicValueEstimate.mean": {
            "value": 0.6515359878540039,
            "min": 0.3646945655345917,
            "max": 0.7382070422172546,
            "count": 30
        },
        "WalkerAgentMulti.Policy.ExtrinsicValueEstimate.sum": {
            "value": 557.0632934570312,
            "min": 141.794189453125,
            "max": 645.93115234375,
            "count": 30
        },
        "WalkerAgentMulti.Environment.CumulativeReward.mean": {
            "value": 1.1404340299571643,
            "min": 0.6519010292643027,
            "max": 1.2849126798394979,
            "count": 30
        },
        "WalkerAgentMulti.Environment.CumulativeReward.sum": {
            "value": 515.4761815406382,
            "min": 115.46840123087168,
            "max": 598.0529217347503,
            "count": 30
        },
        "WalkerAgentMulti.Policy.ExtrinsicReward.mean": {
            "value": 1.1404340299571643,
            "min": 0.6519010292643027,
            "max": 1.2849126798394979,
            "count": 30
        },
        "WalkerAgentMulti.Policy.ExtrinsicReward.sum": {
            "value": 515.4761815406382,
            "min": 115.46840123087168,
            "max": 598.0529217347503,
            "count": 30
        },
        "WalkerAgentMulti.Losses.PolicyLoss.mean": {
            "value": 0.24794369488316478,
            "min": 0.24451880351345825,
            "max": 0.2519370649412252,
            "count": 30
        },
        "WalkerAgentMulti.Losses.PolicyLoss.sum": {
            "value": 41.90248443525485,
            "min": 10.167332240384589,
            "max": 43.19966467469236,
            "count": 30
        },
        "WalkerAgentMulti.Losses.ValueLoss.mean": {
            "value": 0.21608297447569821,
            "min": 0.17899848232871457,
            "max": 0.2752757799308899,
            "count": 30
        },
        "WalkerAgentMulti.Losses.ValueLoss.sum": {
            "value": 36.518022686392996,
            "min": 7.593885260932425,
            "max": 44.31940056887328,
            "count": 30
        },
        "WalkerAgentMulti.Policy.LearningRate.mean": {
            "value": 1.1779258795805913e-06,
            "min": 1.1779258795805913e-06,
            "max": 6.98881528015356e-05,
            "count": 30
        },
        "WalkerAgentMulti.Policy.LearningRate.sum": {
            "value": 0.00019906947364911994,
            "min": 0.00019906947364911994,
            "max": 0.011494140008624318,
            "count": 30
        },
        "WalkerAgentMulti.Policy.Epsilon.mean": {
            "value": 0.09999999999999996,
            "min": 0.09999999999999995,
            "max": 0.09999999999999999,
            "count": 30
        },
        "WalkerAgentMulti.Policy.Epsilon.sum": {
            "value": 16.899999999999995,
            "min": 4.099999999999999,
            "max": 17.199999999999996,
            "count": 30
        },
        "WalkerAgentMulti.Policy.Beta.mean": {
            "value": 0.0005000000000000001,
            "min": 0.0005000000000000001,
            "max": 0.0005000000000000001,
            "count": 30
        },
        "WalkerAgentMulti.Policy.Beta.sum": {
            "value": 0.08450000000000002,
            "min": 0.020500000000000004,
            "max": 0.08600000000000002,
            "count": 30
        },
        "WalkerAgentMulti.IsTraining.mean": {
            "value": 1.0,
            "min": 1.0,
            "max": 1.0,
            "count": 30
        },
        "WalkerAgentMulti.IsTraining.sum": {
            "value": 1.0,
            "min": 1.0,
            "max": 1.0,
            "count": 30
        }
    },
    "metadata": {
        "timer_format_version": "0.1.0",
        "start_time_seconds": "1670565670",
        "python_version": "3.9.13 (tags/v3.9.13:6de2ca5, May 17 2022, 16:36:42) [MSC v.1929 64 bit (AMD64)]",
        "command_line_arguments": "D:\\venv_python\\unityVenv\\Scripts\\mlagents-learn config/OurConfig/multiagent256.yaml --env=4agents256Distance/SwarmRobots --run-id=4agent256Distance --no-graphics --resume",
        "mlagents_version": "0.29.0",
        "mlagents_envs_version": "0.29.0",
        "communication_protocol_version": "1.5.0",
        "pytorch_version": "1.7.1+cu110",
        "numpy_version": "1.21.2",
        "end_time_seconds": "1670570452"
    },
    "total": 4781.658854,
    "count": 1,
    "self": 0.9644216000006054,
    "children": {
        "run_training.setup": {
            "total": 0.1229868999999999,
            "count": 1,
            "self": 0.1229868999999999
        },
        "TrainerController.start_learning": {
            "total": 4780.5714455,
            "count": 1,
            "self": 1.1985861999983172,
            "children": {
                "TrainerController._reset_env": {
                    "total": 5.942794,
                    "count": 1,
                    "self": 5.942794
                },
                "TrainerController.advance": {
                    "total": 4773.357424600003,
                    "count": 51303,
                    "self": 1.1309839999967153,
                    "children": {
                        "env_step": {
                            "total": 1018.9413438999879,
                            "count": 51303,
                            "self": 859.1106415000826,
                            "children": {
                                "SubprocessEnvManager._take_step": {
                                    "total": 159.1381783999584,
                                    "count": 51303,
                                    "self": 3.272283999985291,
                                    "children": {
                                        "TorchPolicy.evaluate": {
                                            "total": 155.86589439997312,
                                            "count": 48764,
                                            "self": 52.30612959994268,
                                            "children": {
                                                "TorchPolicy.sample_actions": {
                                                    "total": 103.55976480003044,
                                                    "count": 48764,
                                                    "self": 103.55976480003044
                                                }
                                            }
                                        }
                                    }
                                },
                                "workers": {
                                    "total": 0.6925239999469444,
                                    "count": 51303,
                                    "self": 0.0,