{"count":1,"self":31.458515199999997,"total":2416.5156793,"children":{"InitializeActuators":{"count":80,"self":0.0033014999999999997,"total":0.0033014999999999997,"children":null},"InitializeSensors":{"count":80,"self":0.0065480999999999994,"total":0.0065480999999999994,"children":null},"AgentSendState":{"count":63151,"self":27.1485408,"total":59.1108881,"children":{"CollectObservations":{"count":505280,"self":17.1693952,"total":17.169394699999998,"children":null},"WriteActionMask":{"count":505280,"self":0.37279809999999997,"total":0.37279809999999997,"children":null},"RequestDecision":{"count":505280,"self":0.9249658,"total":14.420154199999999,"children":{"AgentInfo.ToProto":{"count":505280,"self":1.3333363,"total":13.4951884,"children":{"GenerateSensorData":{"count":505280,"self":10.7072816,"total":12.161852099999999,"children":{"RayPerceptionSensor.Perceive":{"count":505280,"self":1.4545705999999998,"total":1.4545705999999998,"children":null}}}}}}}}},"DecideAction":{"count":63151,"self":2250.3231487999997,"total":2250.3231404999997,"children":null},"AgentAct":{"count":63151,"self":75.586828799999992,"total":75.6061824,"children":{"AgentInfo.ToProto":{"count":560,"self":0.0026108999999999998,"total":0.0193504,"children":{"GenerateSensorData":{"count":560,"self":0.0167395,"total":0.0167395,"children":{"RayPerceptionSensor.Perceive":{"count":560,"self":0,"total":0,"children":null}}}}}}}},"gauges":{"WalkerAgentMulti.CumulativeReward":{"count":560,"max":9.272477,"min":-7.4252944,"runningAverage":-1.27507257,"value":2.3135128,"weightedAverage":-1.21941018}},"metadata":{"timer_format_version":"0.1.0","start_time_seconds":"1669894025","unity_version":"2021.3.12f1","command_line_arguments":"D:\\GIT_VC\\SwarmRobots\\10env7raysSphere\/SwarmRobots.exe -nographics -batchmode --mlagents-port 5005 -logFile D:\\GIT_VC\\SwarmRobots\\results\\Multi2Layer256_8agent_7env_40Discrete\\run_logs\\Player-0.log","communication_protocol_version":"1.5.0","com.unity.ml-agents_version":"2.3.0-exp.2","scene_name":"PseudoRandomWalls","end_time_seconds":"1669896441"}}