{"count":1,"self":16.1084112,"total":6456.3840408,"children":{"InitializeActuators":{"count":80,"self":0.0055743999999999993,"total":0.0055743999999999993,"children":null},"InitializeSensors":{"count":80,"self":0.0065582999999999995,"total":0.0065582999999999995,"children":null},"AgentSendState":{"count":27567,"self":12.727082399999999,"total":28.067344799999997,"children":{"CollectObservations":{"count":220560,"self":8.5046544,"total":8.5046542,"children":null},"WriteActionMask":{"count":220560,"self":0.1755517,"total":0.1755517,"children":null},"RequestDecision":{"count":220560,"self":0.4639366,"total":6.6600566999999993,"children":{"AgentInfo.ToProto":{"count":220560,"self":0.59407179999999993,"total":6.1961201,"children":{"GenerateSensorData":{"count":220560,"self":4.9607208,"total":5.6020483,"children":{"RayPerceptionSensor.Perceive":{"count":220560,"self":0.6413276,"total":0.6413276,"children":null}}}}}}}}},"DecideAction":{"count":27567,"self":6372.8263167999994,"total":6372.8264971,"children":null},"AgentAct":{"count":27567,"self":39.353359999999995,"total":39.3631501,"children":{"AgentInfo.ToProto":{"count":216,"self":0,"total":0.0097909,"children":{"GenerateSensorData":{"count":216,"self":0.006751,"total":0.0097909,"children":{"RayPerceptionSensor.Perceive":{"count":216,"self":0.0030399,"total":0.0030399,"children":null}}}}}}}},"gauges":{"WalkerAgentMulti.CumulativeReward":{"count":216,"max":5.740519,"min":-6.65817,"runningAverage":-1.52440238,"value":-0.25747627,"weightedAverage":-3.40459824}},"metadata":{"timer_format_version":"0.1.0","start_time_seconds":"1669885485","unity_version":"2021.3.12f1","command_line_arguments":"D:\\GIT_VC\\SwarmRobots\\10env7raysSphere\/SwarmRobots.exe -nographics -batchmode --mlagents-port 5007 -logFile D:\\GIT_VC\\SwarmRobots\\results\\Multi2Layer256_8agent_7env_40Discrete\\run_logs\\Player-2.log","communication_protocol_version":"1.5.0","com.unity.ml-agents_version":"2.3.0-exp.2","scene_name":"PseudoRandomWalls","end_time_seconds":"1669891941"}}