{
    "name": "root",
    "gauges": {
        "WalkerAgentMulti.Policy.Entropy.mean": {
            "value": 0.9368091821670532,
            "min": 0.8574990034103394,
            "max": 3.2757370471954346,
            "count": 125
        },
        "WalkerAgentMulti.Policy.Entropy.sum": {
            "value": 37727.1796875,
            "min": 34389.140625,
            "max": 133964.546875,
            "count": 125
        },
        "WalkerAgentMulti.Step.mean": {
            "value": 4999960.0,
            "min": 39940.0,
            "max": 4999960.0,
            "count": 125
        },
        "WalkerAgentMulti.Step.sum": {
            "value": 4999960.0,
            "min": 39940.0,
            "max": 4999960.0,
            "count": 125
        },
        "WalkerAgentMulti.Policy.ExtrinsicValueEstimate.mean": {
            "value": -0.9599270224571228,
            "min": -1.0897732973098755,
            "max": -0.49904364347457886,
            "count": 125
        },
        "WalkerAgentMulti.Policy.ExtrinsicValueEstimate.sum": {
            "value": -616.2731323242188,
            "min": -697.3744506835938,
            "max": -317.89080810546875,
            "count": 125
        },
        "WalkerAgentMulti.Losses.PolicyLoss.mean": {
            "value": 0.2485853421865397,
            "min": 0.24362202313290743,
            "max": 0.25443896596320015,
            "count": 125
        },
        "WalkerAgentMulti.Losses.PolicyLoss.sum": {
            "value": 39.77365474984635,
            "min": 16.418234376225872,
            "max": 40.303568571087396,
            "count": 125
        },
        "WalkerAgentMulti.Losses.ValueLoss.mean": {
            "value": 0.03857356971084138,
            "min": 0.001735806777927015,
            "max": 0.3278682695735002,
            "count": 125
        },
        "WalkerAgentMulti.Losses.ValueLoss.sum": {
            "value": 6.171771153734621,
            "min": 0.2777290844683224,
            "max": 52.78679140133353,
            "count": 125
        },
        "WalkerAgentMulti.Policy.LearningRate.mean": {
            "value": 1.2050450983514998e-06,
            "min": 1.2050450983514998e-06,
            "max": 0.0002986084441002157,
            "count": 125
        },
        "WalkerAgentMulti.Policy.LearningRate.sum": {
            "value": 0.00019280721573624,
            "min": 0.00019280721573624,
            "max": 0.04493377210207623,
            "count": 125
        },
        "WalkerAgentMulti.Policy.Epsilon.mean": {
            "value": 0.09999999999999998,
            "min": 0.09999999999999995,
            "max": 0.1,
            "count": 125
        },
        "WalkerAgentMulti.Policy.Epsilon.sum": {
            "value": 15.999999999999996,
            "min": 6.599999999999998,
            "max": 16.099999999999994,
            "count": 125
        },
        "WalkerAgentMulti.Policy.Beta.mean": {
            "value": 0.0005000000000000001,
            "min": 0.0005,
            "max": 0.0005000000000000003,
            "count": 125
        },
        "WalkerAgentMulti.Policy.Beta.sum": {
            "value": 0.08000000000000002,
            "min": 0.03300000000000001,
            "max": 0.08050000000000002,
            "count": 125
        },
        "WalkerAgentMulti.Environment.EpisodeLength.mean": {
            "value": 897.9090909090909,
            "min": 643.8,
            "max": 999.0,
            "count": 125
        },
        "WalkerAgentMulti.Environment.EpisodeLength.sum": {
            "value": 39508.0,
            "min": 27044.0,
            "max": 47952.0,
            "count": 125
        },
        "WalkerAgentMulti.Environment.CumulativeReward.mean": {
            "value": -8.640865364180106,
            "min": -11.654639687304469,
            "max": -6.6738260681430495,
            "count": 125
        },
        "WalkerAgentMulti.Environment.CumulativeReward.sum": {
            "value": -354.2754799313843,
            "min": -540.967227563262,
            "max": -300.31645143032074,
            "count": 125
        },
        "WalkerAgentMulti.Policy.ExtrinsicReward.mean": {
            "value": -8.640865364180106,
            "min": -11.654639687304469,
            "max": -6.6738260681430495,
            "count": 125
        },
        "WalkerAgentMulti.Policy.ExtrinsicReward.sum": {
            "value": -354.2754799313843,
            "min": -540.967227563262,
            "max": -300.31645143032074,
            "count": 125
        },
        "WalkerAgentMulti.IsTraining.mean": {
            "value": 1.0,
            "min": 1.0,
            "max": 1.0,
            "count": 125
        },
        "WalkerAgentMulti.IsTraining.sum": {
            "value": 1.0,
            "min": 1.0,
            "max": 1.0,
            "count": 125
        }
    },
    "metadata": {
        "timer_format_version": "0.1.0",
        "start_time_seconds": "1670545284",
        "python_version": "3.7.9 (tags/v3.7.9:13c94747c7, Aug 17 2020, 18:58:18) [MSC v.1900 64 bit (AMD64)]",
        "command_line_arguments": "C:\\Users\\giova\\Desktop\\Magistrale\\DeepLearningForGamesAndSimulations\\Project\\Code\\DLGSproject\\Scripts\\mlagents-learn config/OurConfig/multiagent256.yaml --env=BuiltEnvs\\4AgentsFreePosition --no-graphics --run-id=4AgentsFreePositionsTest2ByGio",
        "mlagents_version": "0.29.0",
        "mlagents_envs_version": "0.29.0",
        "communication_protocol_version": "1.5.0",
        "pytorch_version": "1.7.1+cu110",
        "numpy_version": "1.21.2",
        "end_time_seconds": "1670575485"
    },
    "total": 30200.348961199998,
    "count": 1,
    "self": 0.9838287999955355,
    "children": {
        "run_training.setup": {
            "total": 0.16881899999999983,
            "count": 1,
            "self": 0.16881899999999983
        },
        "TrainerController.start_learning": {
            "total": 30199.196313400003,
            "count": 1,
            "self": 6.79844749944823,
            "children": {
                "TrainerController._reset_env": {
                    "total": 7.403325000000001,
                    "count": 1,
                    "self": 7.403325000000001
                },
                "TrainerController.advance": {
                    "total": 30184.884151700553,
                    "count": 209589,
                    "self": 7.2939374005873105,
                    "children": {
                        "env_step": {
                            "total": 6183.475317299918,
                            "count": 209589,
                            "self": 4141.706398298106,
                            "children": {
                                "SubprocessEnvManager._take_step": {
                                    "total": 2037.6286887012961,
                                    "count": 209589,
                                    "self": 20.458172800939792,
                                    "children": {
                                        "TorchPolicy.evaluate": {
                                            "total": 2017.1705159003563,
                                            "count": 208379,
                                            "self": 84.80464000011739,
                                            "children": {
                                                "TorchPolicy.sample_actions": {
                                                    "total": 1932.365875900239,
                                                    "count": 208379,
                                                    "self": 1932.365875900239
                                                }
                                            }
                                        }
                                    }
                                },
                                "workers": {
                                    "total": 4.140230300515357,
                                    "count": 209589,