{
    "name": "root",
    "gauges": {
        "WalkerAgentMulti.Policy.Entropy.mean": {
            "value": 0.19113661348819733,
            "min": 0.18275904655456543,
            "max": 1.888208031654358,
            "count": 125
        },
        "WalkerAgentMulti.Policy.Entropy.sum": {
            "value": 7642.40625,
            "min": 7285.5068359375,
            "max": 77220.15625,
            "count": 125
        },
        "WalkerAgentMulti.Step.mean": {
            "value": 4999968.0,
            "min": 39944.0,
            "max": 4999968.0,
            "count": 125
        },
        "WalkerAgentMulti.Step.sum": {
            "value": 4999968.0,
            "min": 39944.0,
            "max": 4999968.0,
            "count": 125
        },
        "WalkerAgentMulti.Policy.ExtrinsicValueEstimate.mean": {
            "value": 0.8019263744354248,
            "min": -0.09032951295375824,
            "max": 0.9744293689727783,
            "count": 125
        },
        "WalkerAgentMulti.Policy.ExtrinsicValueEstimate.sum": {
            "value": 581.3966064453125,
            "min": -58.352867126464844,
            "max": 786.364501953125,
            "count": 125
        },
        "WalkerAgentMulti.Losses.PolicyLoss.mean": {
            "value": 0.25123430144534864,
            "min": 0.24465583216029296,
            "max": 0.25383288306175694,
            "count": 125
        },
        "WalkerAgentMulti.Losses.PolicyLoss.sum": {
            "value": 39.94625392981043,
            "min": 26.68891024811966,
            "max": 42.78859437430832,
            "count": 125
        },
        "WalkerAgentMulti.Losses.ValueLoss.mean": {
            "value": 0.1260879727150357,
            "min": 0.006171855228960639,
            "max": 0.1568688566687857,
            "count": 125
        },
        "WalkerAgentMulti.Losses.ValueLoss.sum": {
            "value": 20.047987661690676,
            "min": 0.7467944827042373,
            "max": 25.255885923674498,
            "count": 125
        },
        "WalkerAgentMulti.Policy.LearningRate.mean": {
            "value": 1.2113524264377347e-06,
            "min": 1.2113524264377347e-06,
            "max": 0.0002986330053154781,
            "count": 125
        },
        "WalkerAgentMulti.Policy.LearningRate.sum": {
            "value": 0.00019260503580359982,
            "min": 0.00019260503580359982,
            "max": 0.045601273419575754,
            "count": 125
        },
        "WalkerAgentMulti.Policy.Epsilon.mean": {
            "value": 0.09999999999999996,
            "min": 0.09999999999999995,
            "max": 0.09999999999999999,
            "count": 125
        },
        "WalkerAgentMulti.Policy.Epsilon.sum": {
            "value": 15.899999999999995,
            "min": 10.699999999999998,
            "max": 16.999999999999993,
            "count": 125
        },
        "WalkerAgentMulti.Policy.Beta.mean": {
            "value": 0.0005000000000000001,
            "min": 0.0005,
            "max": 0.0005000000000000003,
            "count": 125
        },
        "WalkerAgentMulti.Policy.Beta.sum": {
            "value": 0.07950000000000002,
            "min": 0.05350000000000002,
            "max": 0.08500000000000002,
            "count": 125
        },
        "WalkerAgentMulti.Environment.EpisodeLength.mean": {
            "value": 204.94,
            "min": 106.22988505747126,
            "max": 996.3636363636364,
            "count": 125
        },
        "WalkerAgentMulti.Environment.EpisodeLength.sum": {
            "value": 40988.0,
            "min": 29532.0,
            "max": 49416.0,
            "count": 125
        },
        "WalkerAgentMulti.Environment.CumulativeReward.mean": {
            "value": 2.2075341823359484,
            "min": -0.7410632283797234,
            "max": 2.219968151006989,
            "count": 125
        },
        "WalkerAgentMulti.Environment.CumulativeReward.sum": {
            "value": 441.5068364671897,
            "min": -32.60678204870783,
            "max": 698.2305960528902,
            "count": 125
        },
        "WalkerAgentMulti.Policy.ExtrinsicReward.mean": {
            "value": 2.2075341823359484,
            "min": -0.7410632283797234,
            "max": 2.219968151006989,
            "count": 125
        },
        "WalkerAgentMulti.Policy.ExtrinsicReward.sum": {
            "value": 441.5068364671897,
            "min": -32.60678204870783,
            "max": 698.2305960528902,
            "count": 125
        },
        "WalkerAgentMulti.IsTraining.mean": {
            "value": 1.0,
            "min": 1.0,
            "max": 1.0,
            "count": 125
        },
        "WalkerAgentMulti.IsTraining.sum": {
            "value": 1.0,
            "min": 1.0,
            "max": 1.0,
            "count": 125
        }
    },
    "metadata": {
        "timer_format_version": "0.1.0",
        "start_time_seconds": "1671067729",
        "python_version": "3.7.9 (tags/v3.7.9:13c94747c7, Aug 17 2020, 18:58:18) [MSC v.1900 64 bit (AMD64)]",
        "command_line_arguments": "C:\\Users\\giova\\Desktop\\Magistrale\\DeepLearningForGamesAndSimulations\\Project\\Code\\DLGSproject\\Scripts\\mlagents-learn config/OurConfig/ReportSettings.yaml --run-id=4AgentsNoCommExistenctial0",
        "mlagents_version": "0.29.0",
        "mlagents_envs_version": "0.29.0",
        "communication_protocol_version": "1.5.0",
        "pytorch_version": "1.7.1+cu110",
        "numpy_version": "1.21.2",
        "end_time_seconds": "1671091213"
    },
    "total": 23484.3488048,
    "count": 1,
    "self": 0.017324899999948684,
    "children": {
        "run_training.setup": {
            "total": 0.09558319999999987,
            "count": 1,
            "self": 0.09558319999999987
        },
        "TrainerController.start_learning": {
            "total": 23484.2358967,
            "count": 1,
            "self": 8.192352599486185,
            "children": {
                "TrainerController._reset_env": {
                    "total": 10.601028999999999,
                    "count": 1,
                    "self": 10.601028999999999
                },
                "TrainerController.advance": {
                    "total": 23465.350572300515,
                    "count": 214339,
                    "self": 9.051018101235968,
                    "children": {
                        "env_step": {
                            "total": 11029.922725699764,
                            "count": 214339,
                            "self": 10251.692101599378,
                            "children": {
                                "SubprocessEnvManager._take_step": {
                                    "total": 772.8165191003676,
                                    "count": 214339,
                                    "self": 24.87401800039629,
                                    "children": {
                                        "TorchPolicy.evaluate": {
                                            "total": 747.9425010999713,
                                            "count": 208365,
                                            "self": 91.47073910013489,
                                            "children": {
                                                "TorchPolicy.sample_actions": {
                                                    "total": 656.4717619998364,
                                                    "count": 208365,
                                                    "self": 656.4717619998364
                                                }
                                            }
                                        }
                                    }
                                },
                                "workers": {
                                    "total": 5.414105000018862,
                                    "count": 214339,
                                    "self": 0.0,