{
    "name": "root",
    "gauges": {
        "WalkerAgentMulti.Policy.Entropy.mean": {
            "value": 0.9771249294281006,
            "min": 0.9728895425796509,
            "max": 0.9860881567001343,
            "count": 7
        },
        "WalkerAgentMulti.Policy.Entropy.sum": {
            "value": 39022.4609375,
            "min": 27831.3515625,
            "max": 39390.1171875,
            "count": 7
        },
        "WalkerAgentMulti.Environment.EpisodeLength.mean": {
            "value": 99.55238095238096,
            "min": 78.44354838709677,
            "max": 115.33707865168539,
            "count": 7
        },
        "WalkerAgentMulti.Environment.EpisodeLength.sum": {
            "value": 41812.0,
            "min": 24736.0,
            "max": 41812.0,
            "count": 7
        },
        "WalkerAgentMulti.Step.mean": {
            "value": 4999956.0,
            "min": 4759960.0,
            "max": 4999956.0,
            "count": 7
        },
        "WalkerAgentMulti.Step.sum": {
            "value": 4999956.0,
            "min": 4759960.0,
            "max": 4999956.0,
            "count": 7
        },
        "WalkerAgentMulti.Policy.ExtrinsicValueEstimate.mean": {
            "value": 0.5200626850128174,
            "min": 0.48651447892189026,
            "max": 0.69163578748703,
            "count": 7
        },
        "WalkerAgentMulti.Policy.ExtrinsicValueEstimate.sum": {
            "value": 435.29248046875,
            "min": 402.833984375,
            "max": 613.3483276367188,
            "count": 7
        },
        "WalkerAgentMulti.Environment.CumulativeReward.mean": {
            "value": 1.0702078693301966,
            "min": 0.9736521408829669,
            "max": 1.2785175556245332,
            "count": 7
        },
        "WalkerAgentMulti.Environment.CumulativeReward.sum": {
            "value": 452.6979287266731,
            "min": 342.72555359080434,
            "max": 637.7131689749658,
            "count": 7
        },
        "WalkerAgentMulti.Policy.ExtrinsicReward.mean": {
            "value": 1.0702078693301966,
            "min": 0.9736521408829669,
            "max": 1.2785175556245332,
            "count": 7
        },
        "WalkerAgentMulti.Policy.ExtrinsicReward.sum": {
            "value": 452.6979287266731,
            "min": 342.72555359080434,
            "max": 637.7131689749658,
            "count": 7
        },
        "WalkerAgentMulti.Losses.PolicyLoss.mean": {
            "value": 0.24714044075587183,
            "min": 0.24531223172587388,
            "max": 0.2496513872606903,
            "count": 7
        },
        "WalkerAgentMulti.Losses.PolicyLoss.sum": {
            "value": 42.01387492849821,
            "min": 29.111127305281173,
            "max": 42.19108444705666,
            "count": 7
        },
        "WalkerAgentMulti.Losses.ValueLoss.mean": {
            "value": 0.2077932128029493,
            "min": 0.19408156414442154,
            "max": 0.21899689030280212,
            "count": 7
        },
        "WalkerAgentMulti.Losses.ValueLoss.sum": {
            "value": 35.32484617650138,
            "min": 22.910062877547514,
            "max": 36.489124070282784,
            "count": 7
        },
        "WalkerAgentMulti.Policy.LearningRate.mean": {
            "value": 1.1951457192983529e-06,
            "min": 1.1951457192983529e-06,
            "max": 1.5227816280025085e-05,
            "count": 7
        },
        "WalkerAgentMulti.Policy.LearningRate.sum": {
            "value": 0.00020317477228071998,
            "min": 0.00020317477228071998,
            "max": 0.0021930782689792002,
            "count": 7
        },
        "WalkerAgentMulti.Policy.Epsilon.mean": {
            "value": 0.09999999999999996,
            "min": 0.09999999999999996,
            "max": 0.09999999999999998,
            "count": 7
        },
        "WalkerAgentMulti.Policy.Epsilon.sum": {
            "value": 16.999999999999993,
            "min": 11.799999999999997,
            "max": 16.999999999999993,
            "count": 7
        },
        "WalkerAgentMulti.Policy.Beta.mean": {
            "value": 0.0005000000000000001,
            "min": 0.0005000000000000001,
            "max": 0.0005000000000000002,
            "count": 7
        },
        "WalkerAgentMulti.Policy.Beta.sum": {
            "value": 0.08500000000000002,
            "min": 0.059000000000000025,
            "max": 0.08500000000000002,
            "count": 7
        },
        "WalkerAgentMulti.IsTraining.mean": {
            "value": 1.0,
            "min": 1.0,
            "max": 1.0,
            "count": 7
        },
        "WalkerAgentMulti.IsTraining.sum": {
            "value": 1.0,
            "min": 1.0,
            "max": 1.0,
            "count": 7
        }
    },
    "metadata": {
        "timer_format_version": "0.1.0",
        "start_time_seconds": "1671083617",
        "python_version": "3.9.13 (tags/v3.9.13:6de2ca5, May 17 2022, 16:36:42) [MSC v.1929 64 bit (AMD64)]",
        "command_line_arguments": "D:\\venv_python\\unityVenv\\Scripts\\mlagents-learn config/OurConfig/ReportSettings.yaml --env=4AgentsNewNearAgent0/SwarmRobots --run-id=4AgentsNewNearAgent0 --no-graphics --base-port=5012 --resume",
        "mlagents_version": "0.29.0",
        "mlagents_envs_version": "0.29.0",
        "communication_protocol_version": "1.5.0",
        "pytorch_version": "1.7.1+cu110",
        "numpy_version": "1.21.2",
        "end_time_seconds": "1671085601"
    },
    "total": 1984.5930744,
    "count": 1,
    "self": 0.4643586999998206,
    "children": {
        "run_training.setup": {
            "total": 0.17414029999999991,
            "count": 1,
            "self": 0.17414029999999991
        },
        "TrainerController.start_learning": {
            "total": 1983.9545754,
            "count": 1,
            "self": 0.43283449999921686,
            "children": {
                "TrainerController._reset_env": {
                    "total": 9.8696166,
                    "count": 1,
                    "self": 9.8696166
                },
                "TrainerController.advance": {
                    "total": 1973.5506088000009,
                    "count": 11791,
                    "self": 0.43448380001495934,
                    "children": {
                        "env_step": {
                            "total": 300.8744107999889,
                            "count": 11791,
                            "self": 223.17467029999227,
                            "children": {
                                "SubprocessEnvManager._take_step": {
                                    "total": 77.43160800000163,
                                    "count": 11791,
                                    "self": 1.2325085999982548,
                                    "children": {
                                        "TorchPolicy.evaluate": {
                                            "total": 76.19909940000338,
                                            "count": 11172,
                                            "self": 28.95730880001203,
                                            "children": {
                                                "TorchPolicy.sample_actions": {
                                                    "total": 47.24179059999135,
                                                    "count": 11172,
                                                    "self": 47.24179059999135
                                                }
                                            }
                                        }
                                    }
                                },
                                "workers": {
                                    "total": 0.2681324999949588,
                                    "count": 11791,
                                    "self": 0.0,