{
    "name": "root",
    "gauges": {
        "WalkerAgentMulti.Policy.Entropy.mean": {
            "value": 5.07609224319458,
            "min": 5.075039863586426,
            "max": 5.076751232147217,
            "count": 5
        },
        "WalkerAgentMulti.Policy.Entropy.sum": {
            "value": 602308.8125,
            "min": 95036.78125,
            "max": 627031.3125,
            "count": 5
        },
        "WalkerAgentMulti.Environment.EpisodeLength.mean": {
            "value": 104.0,
            "min": 14.0,
            "max": 104.0,
            "count": 4
        },
        "WalkerAgentMulti.Environment.EpisodeLength.sum": {
            "value": 1664.0,
            "min": 224.0,
            "max": 12192.0,
            "count": 4
        },
        "WalkerAgentMulti.Step.mean": {
            "value": 7999984.0,
            "min": 7679988.0,
            "max": 7999984.0,
            "count": 5
        },
        "WalkerAgentMulti.Step.sum": {
            "value": 7999984.0,
            "min": 7679988.0,
            "max": 7999984.0,
            "count": 5
        },
        "WalkerAgentMulti.Policy.ExtrinsicValueEstimate.mean": {
            "value": -0.774101734161377,
            "min": -0.774101734161377,
            "max": 2.97282338142395,
            "count": 5
        },
        "WalkerAgentMulti.Policy.ExtrinsicValueEstimate.sum": {
            "value": -978.464599609375,
            "min": -978.464599609375,
            "max": 4117.3603515625,
            "count": 5
        },
        "WalkerAgentMulti.Environment.CumulativeReward.mean": {
            "value": 4.3225318575277925,
            "min": 4.3225318575277925,
            "max": 5.05940826733907,
            "count": 4
        },
        "WalkerAgentMulti.Environment.CumulativeReward.sum": {
            "value": 69.16050972044468,
            "min": 60.71289920806885,
            "max": 1595.8311924934387,
            "count": 4
        },
        "WalkerAgentMulti.Policy.ExtrinsicReward.mean": {
            "value": 4.3225318575277925,
            "min": 4.3225318575277925,
            "max": 5.05940826733907,
            "count": 4
        },
        "WalkerAgentMulti.Policy.ExtrinsicReward.sum": {
            "value": 69.16050972044468,
            "min": 60.71289920806885,
            "max": 1595.8311924934387,
            "count": 4
        },
        "WalkerAgentMulti.Losses.PolicyLoss.mean": {
            "value": 0.24203079782709114,
            "min": 0.14790465850900444,
            "max": 0.25115809287562,
            "count": 5
        },
        "WalkerAgentMulti.Losses.PolicyLoss.sum": {
            "value": 11.617478295700375,
            "min": 0.14790465850900444,
            "max": 11.667436293019398,
            "count": 5
        },
        "WalkerAgentMulti.Losses.ValueLoss.mean": {
            "value": 0.09004279241355134,
            "min": 0.029210009056598225,
            "max": 23.65219036738078,
            "count": 5
        },
        "WalkerAgentMulti.Losses.ValueLoss.sum": {
            "value": 4.322054035850464,
            "min": 0.17526005433958936,
            "max": 182.33548667125766,
            "count": 5
        },
        "WalkerAgentMulti.Policy.LearningRate.mean": {
            "value": 1.9193993602333326e-06,
            "min": 1.9193993602333326e-06,
            "max": 1.2002795999099986e-05,
            "count": 5
        },
        "WalkerAgentMulti.Policy.LearningRate.sum": {
            "value": 9.213116929119996e-05,
            "min": 1.2002795999099986e-05,
            "max": 0.0004528159490625999,
            "count": 5
        },
        "WalkerAgentMulti.Policy.Epsilon.mean": {
            "value": 0.09999999999999999,
            "min": 0.09999999999999995,
            "max": 0.10000000000000002,
            "count": 5
        },
        "WalkerAgentMulti.Policy.Epsilon.sum": {
            "value": 4.8,
            "min": 0.10000000000000002,
            "max": 4.8,
            "count": 5
        },
        "WalkerAgentMulti.Policy.Beta.mean": {
            "value": 0.0005000000000000001,
            "min": 0.0005,
            "max": 0.0005000000000000002,
            "count": 5
        },
        "WalkerAgentMulti.Policy.Beta.sum": {
            "value": 0.024000000000000007,
            "min": 0.0005,
            "max": 0.024000000000000007,
            "count": 5
        },
        "WalkerAgentMulti.IsTraining.mean": {
            "value": 1.0,
            "min": 1.0,
            "max": 1.0,
            "count": 5
        },
        "WalkerAgentMulti.IsTraining.sum": {
            "value": 1.0,
            "min": 1.0,
            "max": 1.0,
            "count": 5
        }
    },
    "metadata": {
        "timer_format_version": "0.1.0",
        "start_time_seconds": "1669709267",
        "python_version": "3.9.13 (tags/v3.9.13:6de2ca5, May 17 2022, 16:36:42) [MSC v.1929 64 bit (AMD64)]",
        "command_line_arguments": "D:\\venv_python\\unityVenv\\Scripts\\mlagents-learn config/OurConfig/multiagent512_8mil_80.yaml --env=36env7raysSpherecastMoreObs/SwarmRobots --run-id=Multi2Layer8agent_7env512_80stepsNewObs --no-graphics --num-env=7 --resume",
        "mlagents_version": "0.29.0",
        "mlagents_envs_version": "0.29.0",
        "communication_protocol_version": "1.5.0",
        "pytorch_version": "1.7.1+cu110",
        "numpy_version": "1.21.2",
        "end_time_seconds": "1669710561"
    },
    "total": 1293.9973765,
    "count": 1,
    "self": 1.0322423999998591,
    "children": {
        "run_training.setup": {
            "total": 0.6771928000000003,
            "count": 1,
            "self": 0.6771928000000003
        },
        "TrainerController.start_learning": {
            "total": 1292.2879413,
            "count": 1,
            "self": 0.025300099999185477,
            "children": {
                "TrainerController._reset_env": {
                    "total": 9.757994199999999,
                    "count": 1,
                    "self": 9.757994199999999
                },
                "TrainerController.advance": {
                    "total": 1282.3827164000006,
                    "count": 708,
                    "self": 0.028951500000857777,
                    "children": {
                        "env_step": {
                            "total": 51.133826500000225,
                            "count": 708,
                            "self": 46.378818999998906,
                            "children": {
                                "SubprocessEnvManager._take_step": {
                                    "total": 4.740201700000888,
                                    "count": 1412,
                                    "self": 0.34556310000022705,
                                    "children": {
                                        "TorchPolicy.evaluate": {
                                            "total": 4.394638600000661,
                                            "count": 1358,
                                            "self": 1.3397487000018877,
                                            "children": {
                                                "TorchPolicy.sample_actions": {
                                                    "total": 3.0548898999987735,
                                                    "count": 1358,
                                                    "self": 3.0548898999987735
                                                }
                                            }
                                        }
                                    }
                                },
                                "workers": {
                                    "total": 0.01480580000043119,
                                    "count": 708,
                                    "self": 0.0,