{
    "name": "root",
    "gauges": {
        "WalkerAgentMulti.Policy.Entropy.mean": {
            "value": 0.806755781173706,
            "min": 0.806755781173706,
            "max": 1.4094855785369873,
            "count": 62
        },
        "WalkerAgentMulti.Policy.Entropy.sum": {
            "value": 64495.28515625,
            "min": 64159.15234375,
            "max": 120291.1328125,
            "count": 62
        },
        "WalkerAgentMulti.Step.mean": {
            "value": 4959996.0,
            "min": 79968.0,
            "max": 4959996.0,
            "count": 62
        },
        "WalkerAgentMulti.Step.sum": {
            "value": 4959996.0,
            "min": 79968.0,
            "max": 4959996.0,
            "count": 62
        },
        "WalkerAgentMulti.Policy.ExtrinsicValueEstimate.mean": {
            "value": -0.27035075426101685,
            "min": -0.41741177439689636,
            "max": -0.2073316127061844,
            "count": 62
        },
        "WalkerAgentMulti.Policy.ExtrinsicValueEstimate.sum": {
            "value": -346.0489501953125,
            "min": -536.3741455078125,
            "max": -273.2630615234375,
            "count": 62
        },
        "WalkerAgentMulti.Losses.PolicyLoss.mean": {
            "value": 0.24789879560031935,
            "min": 0.2450041736749915,
            "max": 0.25341942801154704,
            "count": 62
        },
        "WalkerAgentMulti.Losses.PolicyLoss.sum": {
            "value": 72.88224590649389,
            "min": 33.880318100459405,
            "max": 73.51661139247153,
            "count": 62
        },
        "WalkerAgentMulti.Losses.ValueLoss.mean": {
            "value": 0.009506965392047973,
            "min": 0.004221435239076905,
            "max": 0.04360698894223138,
            "count": 62
        },
        "WalkerAgentMulti.Losses.ValueLoss.sum": {
            "value": 2.7950478252621043,
            "min": 1.156673255507072,
            "max": 10.655670710499196,
            "count": 62
        },
        "WalkerAgentMulti.Policy.LearningRate.mean": {
            "value": 4.78155310005932e-06,
            "min": 4.78155310005932e-06,
            "max": 0.00029720944857724294,
            "count": 62
        },
        "WalkerAgentMulti.Policy.LearningRate.sum": {
            "value": 0.0014057766114174402,
            "min": 0.0014057766114174402,
            "max": 0.08070699735766808,
            "count": 62
        },
        "WalkerAgentMulti.Policy.Epsilon.mean": {
            "value": 0.09999999999999998,
            "min": 0.09999999999999996,
            "max": 0.09999999999999999,
            "count": 62
        },
        "WalkerAgentMulti.Policy.Epsilon.sum": {
            "value": 29.39999999999999,
            "min": 13.599999999999998,
            "max": 29.79999999999999,
            "count": 62
        },
        "WalkerAgentMulti.Policy.Beta.mean": {
            "value": 0.0005000000000000001,
            "min": 0.0005,
            "max": 0.0005000000000000002,
            "count": 62
        },
        "WalkerAgentMulti.Policy.Beta.sum": {
            "value": 0.14700000000000002,
            "min": 0.068,
            "max": 0.14900000000000002,
            "count": 62
        },
        "WalkerAgentMulti.Environment.EpisodeLength.mean": {
            "value": 993.05,
            "min": 227.95238095238096,
            "max": 999.0,
            "count": 62
        },
        "WalkerAgentMulti.Environment.EpisodeLength.sum": {
            "value": 79444.0,
            "min": 19148.0,
            "max": 119564.0,
            "count": 62
        },
        "WalkerAgentMulti.Environment.CumulativeReward.mean": {
            "value": -2.969644025573507,
            "min": -4.168469238316729,
            "max": -0.2300510191624718,
            "count": 62
        },
        "WalkerAgentMulti.Environment.CumulativeReward.sum": {
            "value": -237.57152204588056,
            "min": -640.5894000642002,
            "max": -19.32428560964763,
            "count": 62
        },
        "WalkerAgentMulti.Policy.ExtrinsicReward.mean": {
            "value": -2.969644025573507,
            "min": -4.168469238316729,
            "max": -0.2300510191624718,
            "count": 62
        },
        "WalkerAgentMulti.Policy.ExtrinsicReward.sum": {
            "value": -237.57152204588056,
            "min": -640.5894000642002,
            "max": -19.32428560964763,
            "count": 62
        },
        "WalkerAgentMulti.IsTraining.mean": {
            "value": 1.0,
            "min": 1.0,
            "max": 1.0,
            "count": 62
        },
        "WalkerAgentMulti.IsTraining.sum": {
            "value": 1.0,
            "min": 1.0,
            "max": 1.0,
            "count": 62
        }
    },
    "metadata": {
        "timer_format_version": "0.1.0",
        "start_time_seconds": "1670157480",
        "python_version": "3.9.13 (tags/v3.9.13:6de2ca5, May 17 2022, 16:36:42) [MSC v.1929 64 bit (AMD64)]",
        "command_line_arguments": "D:\\venv_python\\unityVenv\\Scripts\\mlagents-learn config/OurConfig/multiagent128_80.yaml --env=6trainMoreChecks/SwarmRobots --run-id=2Lay4agent7env1TrArea --no-graphics --num-env=7",
        "mlagents_version": "0.29.0",
        "mlagents_envs_version": "0.29.0",
        "communication_protocol_version": "1.5.0",
        "pytorch_version": "1.7.1+cu110",
        "numpy_version": "1.21.2",
        "end_time_seconds": "1670175685"
    },
    "total": 18201.174926800002,
    "count": 1,
    "self": 1.223135000000184,
    "children": {
        "run_training.setup": {
            "total": 0.44299310000000003,
            "count": 1,
            "self": 0.44299310000000003
        },
        "TrainerController.start_learning": {
            "total": 18199.5087987,
            "count": 1,
            "self": 3.1319496001160587,
            "children": {
                "TrainerController._reset_env": {
                    "total": 9.4764552,
                    "count": 1,
                    "self": 9.4764552
                },
                "TrainerController.advance": {
                    "total": 18186.834531499884,
                    "count": 76351,
                    "self": 3.049175100069988,
                    "children": {
                        "env_step": {
                            "total": 892.0400248998607,
                            "count": 76351,
                            "self": 335.6848387997394,
                            "children": {
                                "SubprocessEnvManager._take_step": {
                                    "total": 554.1397629005003,
                                    "count": 209742,
                                    "self": 23.91418060082458,
                                    "children": {
                                        "TorchPolicy.evaluate": {
                                            "total": 530.2255822996757,
                                            "count": 208563,
                                            "self": 157.4265335004369,
                                            "children": {
                                                "TorchPolicy.sample_actions": {
                                                    "total": 372.7990487992388,
                                                    "count": 208563,
                                                    "self": 372.7990487992388
                                                }
                                            }
                                        }
                                    }
                                },
                                "workers": {
                                    "total": 2.215423199621,
                                    "count": 76351,
                                    "self": 0.0,