{
    "name": "root",
    "gauges": {
        "WalkerAgentMulti.Policy.Entropy.mean": {
            "value": 2.3272931575775146,
            "min": 1.4218406677246094,
            "max": 2.3272931575775146,
            "count": 4
        },
        "WalkerAgentMulti.Policy.Entropy.sum": {
            "value": 4021.5625,
            "min": 4021.5625,
            "max": 280699.15625,
            "count": 4
        },
        "WalkerAgentMulti.Step.mean": {
            "value": 199936.0,
            "min": 39936.0,
            "max": 199936.0,
            "count": 5
        },
        "WalkerAgentMulti.Step.sum": {
            "value": 199936.0,
            "min": 39936.0,
            "max": 199936.0,
            "count": 5
        },
        "WalkerAgentMulti.Policy.ExtrinsicValueEstimate.mean": {
            "value": 2.886540412902832,
            "min": -1.3291852474212646,
            "max": 2.886540412902832,
            "count": 5
        },
        "WalkerAgentMulti.Policy.ExtrinsicValueEstimate.sum": {
            "value": 1804.0877685546875,
            "min": -830.7407836914062,
            "max": 1804.0877685546875,
            "count": 5
        },
        "WalkerAgentMulti.Losses.PolicyLoss.mean": {
            "value": 0.32892333208744157,
            "min": 0.0675802500801479,
            "max": 0.32892333208744157,
            "count": 4
        },
        "WalkerAgentMulti.Losses.PolicyLoss.sum": {
            "value": 0.32892333208744157,
            "min": 0.0675802500801479,
            "max": 0.6540736530525466,
            "count": 4
        },
        "WalkerAgentMulti.Losses.ValueLoss.mean": {
            "value": 0.004956286478172043,
            "min": 0.004956286478172043,
            "max": 3.969254856712281,
            "count": 4
        },
        "WalkerAgentMulti.Losses.ValueLoss.sum": {
            "value": 0.004956286478172043,
            "min": 0.004956286478172043,
            "max": 7.938509713424562,
            "count": 4
        },
        "WalkerAgentMulti.Policy.LearningRate.mean": {
            "value": 0.00029004672331775993,
            "min": 0.00029004672331775993,
            "max": 0.00029834112055296,
            "count": 4
        },
        "WalkerAgentMulti.Policy.LearningRate.sum": {
            "value": 0.00029004672331775993,
            "min": 0.00029004672331775993,
            "max": 0.00059668224110592,
            "count": 4
        },
        "WalkerAgentMulti.Policy.Epsilon.mean": {
            "value": 0.19668223999999998,
            "min": 0.19668223999999998,
            "max": 0.19944704000000002,
            "count": 4
        },
        "WalkerAgentMulti.Policy.Epsilon.sum": {
            "value": 0.19668223999999998,
            "min": 0.19668223999999998,
            "max": 0.39889408000000004,
            "count": 4
        },
        "WalkerAgentMulti.Policy.Beta.mean": {
            "value": 0.0005000000000000001,
            "min": 0.0005000000000000001,
            "max": 0.0005000000000000001,
            "count": 4
        },
        "WalkerAgentMulti.Policy.Beta.sum": {
            "value": 0.0005000000000000001,
            "min": 0.0005000000000000001,
            "max": 0.0010000000000000002,
            "count": 4
        },
        "WalkerAgentMulti.IsTraining.mean": {
            "value": 1.0,
            "min": 1.0,
            "max": 1.0,
            "count": 5
        },
        "WalkerAgentMulti.IsTraining.sum": {
            "value": 1.0,
            "min": 1.0,
            "max": 1.0,
            "count": 5
        }
    },
    "metadata": {
        "timer_format_version": "0.1.0",
        "start_time_seconds": "1669711012",
        "python_version": "3.9.13 (tags/v3.9.13:6de2ca5, May 17 2022, 16:36:42) [MSC v.1929 64 bit (AMD64)]",
        "command_line_arguments": "D:\\venv_python\\unityVenv\\Scripts\\mlagents-learn config/OurConfig/multiagent512_40.yaml --env=36env7raysSpherecastMoreObs/SwarmRobots --run-id=Multi2Layer8agent_7env512_40stepsNewObs --no-graphics --num-env=7 --force",
        "mlagents_version": "0.29.0",
        "mlagents_envs_version": "0.29.0",
        "communication_protocol_version": "1.5.0",
        "pytorch_version": "1.7.1+cu110",
        "numpy_version": "1.21.2",
        "end_time_seconds": "1669711818"
    },
    "total": 806.3090524999999,
    "count": 1,
    "self": 0.5412954999998192,
    "children": {
        "run_training.setup": {
            "total": 0.47123550000000003,
            "count": 1,
            "self": 0.47123550000000003
        },
        "TrainerController.start_learning": {
            "total": 805.2965215,
            "count": 1,
            "self": 0.023121700000160672,
            "children": {
                "TrainerController._reset_env": {
                    "total": 6.1583606,
                    "count": 1,
                    "self": 6.1583606
                },
                "TrainerController.advance": {
                    "total": 798.9688222999998,
                    "count": 777,
                    "self": 0.029770999998277148,
                    "children": {
                        "env_step": {
                            "total": 39.59606920000092,
                            "count": 777,
                            "self": 34.51488630000006,
                            "children": {
                                "SubprocessEnvManager._take_step": {
                                    "total": 5.068310700000529,
                                    "count": 918,
                                    "self": 0.21984620000107657,
                                    "children": {
                                        "TorchPolicy.evaluate": {
                                            "total": 4.848464499999452,
                                            "count": 918,
                                            "self": 1.2113456000001523,
                                            "children": {
                                                "TorchPolicy.sample_actions": {
                                                    "total": 3.6371188999993,
                                                    "count": 918,
                                                    "self": 3.6371188999993
                                                }
                                            }
                                        }
                                    }
                                },
                                "workers": {
                                    "total": 0.012872200000336065,
                                    "count": 777,
                                    "self": 0.0,
                                    "children": {
                                        "worker_root": {
                                            "total": 5317.941536500002,
                                            "count": 913,
                                            "is_parallel": true,
                                            "self": 5076.197976600001,
                                            "children": {
                                                "steps_from_proto": {
                                                    "total": 0.04539190000000115,
                                                    "count": 7,
                                                    "is_parallel": true,
                                                    "self": 0.005612999999998536,
                                                    "children": {
                                                        "_process_rank_one_or_two_observation": {
                                                            "total": 0.039778900000002615,
                                                            "count": 28,
                                                            "is_parallel": true,