{
    "name": "root",
    "gauges": {
        "WalkerAgentMulti.Policy.Entropy.mean": {
            "value": 0.33637526631355286,
            "min": 0.33393651247024536,
            "max": 0.5505075454711914,
            "count": 30
        },
        "WalkerAgentMulti.Policy.Entropy.sum": {
            "value": 13554.5771484375,
            "min": 4346.8076171875,
            "max": 21711.076171875,
            "count": 30
        },
        "WalkerAgentMulti.Environment.EpisodeLength.mean": {
            "value": 116.21518987341773,
            "min": 47.5,
            "max": 149.32857142857142,
            "count": 30
        },
        "WalkerAgentMulti.Environment.EpisodeLength.sum": {
            "value": 36724.0,
            "min": 5320.0,
            "max": 42888.0,
            "count": 30
        },
        "WalkerAgentMulti.Step.mean": {
            "value": 4999988.0,
            "min": 3839944.0,
            "max": 4999988.0,
            "count": 30
        },
        "WalkerAgentMulti.Step.sum": {
            "value": 4999988.0,
            "min": 3839944.0,
            "max": 4999988.0,
            "count": 30
        },
        "WalkerAgentMulti.Policy.ExtrinsicValueEstimate.mean": {
            "value": 0.45664700865745544,
            "min": 0.3120001256465912,
            "max": 0.8165498375892639,
            "count": 30
        },
        "WalkerAgentMulti.Policy.ExtrinsicValueEstimate.sum": {
            "value": 353.90142822265625,
            "min": 141.26312255859375,
            "max": 598.0059204101562,
            "count": 30
        },
        "WalkerAgentMulti.Environment.CumulativeReward.mean": {
            "value": 0.9102063985376418,
            "min": 0.6582475830401693,
            "max": 1.2225332822916763,
            "count": 30
        },
        "WalkerAgentMulti.Environment.CumulativeReward.sum": {
            "value": 287.6252219378948,
            "min": 136.92372761666775,
            "max": 552.8324865885079,
            "count": 30
        },
        "WalkerAgentMulti.Policy.ExtrinsicReward.mean": {
            "value": 0.9102063985376418,
            "min": 0.6582475830401693,
            "max": 1.2225332822916763,
            "count": 30
        },
        "WalkerAgentMulti.Policy.ExtrinsicReward.sum": {
            "value": 287.6252219378948,
            "min": 136.92372761666775,
            "max": 552.8324865885079,
            "count": 30
        },
        "WalkerAgentMulti.Losses.PolicyLoss.mean": {
            "value": 0.2502872104067423,
            "min": 0.24235966803390718,
            "max": 0.2522125297303281,
            "count": 30
        },
        "WalkerAgentMulti.Losses.PolicyLoss.sum": {
            "value": 40.54652808589225,
            "min": 7.195930224438809,
            "max": 44.510110810065186,
            "count": 30
        },
        "WalkerAgentMulti.Losses.ValueLoss.mean": {
            "value": 0.217050184080261,
            "min": 0.1753093300694498,
            "max": 0.22531917071508165,
            "count": 30
        },
        "WalkerAgentMulti.Losses.ValueLoss.sum": {
            "value": 35.16212982100228,
            "min": 5.083970572014044,
            "max": 37.853620680133716,
            "count": 30
        },
        "WalkerAgentMulti.Policy.LearningRate.mean": {
            "value": 1.2155262615244435e-06,
            "min": 1.2155262615244435e-06,
            "max": 6.983012086124964e-05,
            "count": 30
        },
        "WalkerAgentMulti.Policy.LearningRate.sum": {
            "value": 0.00019691525436695985,
            "min": 0.00019691525436695985,
            "max": 0.0112836511387872,
            "count": 30
        },
        "WalkerAgentMulti.Policy.Epsilon.mean": {
            "value": 0.09999999999999998,
            "min": 0.09999999999999995,
            "max": 0.09999999999999999,
            "count": 30
        },
        "WalkerAgentMulti.Policy.Epsilon.sum": {
            "value": 16.199999999999996,
            "min": 2.9,
            "max": 17.799999999999994,
            "count": 30
        },
        "WalkerAgentMulti.Policy.Beta.mean": {
            "value": 0.0005000000000000001,
            "min": 0.0005000000000000001,
            "max": 0.0005000000000000001,
            "count": 30
        },
        "WalkerAgentMulti.Policy.Beta.sum": {
            "value": 0.08100000000000002,
            "min": 0.014500000000000004,
            "max": 0.08900000000000002,
            "count": 30
        },
        "WalkerAgentMulti.IsTraining.mean": {
            "value": 1.0,
            "min": 1.0,
            "max": 1.0,
            "count": 30
        },
        "WalkerAgentMulti.IsTraining.sum": {
            "value": 1.0,
            "min": 1.0,
            "max": 1.0,
            "count": 30
        }
    },
    "metadata": {
        "timer_format_version": "0.1.0",
        "start_time_seconds": "1670510242",
        "python_version": "3.7.9 (tags/v3.7.9:13c94747c7, Aug 17 2020, 18:58:18) [MSC v.1900 64 bit (AMD64)]",
        "command_line_arguments": "C:\\Users\\giova\\Desktop\\Magistrale\\DeepLearningForGamesAndSimulations\\Project\\Code\\DLGSproject\\Scripts\\mlagents-learn config/OurConfig/multiagent256.yaml --env=NoNearAgentRew4AgentsFREECOMM --run-id=4AgentsFREECOMM --resume --no-graphics",
        "mlagents_version": "0.29.0",
        "mlagents_envs_version": "0.29.0",
        "communication_protocol_version": "1.5.0",
        "pytorch_version": "1.7.1+cu110",
        "numpy_version": "1.21.2",
        "end_time_seconds": "1670514757"
    },
    "total": 4515.109328699999,
    "count": 1,
    "self": 0.9450582999998005,
    "children": {
        "run_training.setup": {
            "total": 0.10652470000000003,
            "count": 1,
            "self": 0.10652470000000003
        },
        "TrainerController.start_learning": {
            "total": 4514.0577457,
            "count": 1,
            "self": 1.7779157000186387,
            "children": {
                "TrainerController._reset_env": {
                    "total": 1.7267352999999999,
                    "count": 1,
                    "self": 1.7267352999999999
                },
                "TrainerController.advance": {
                    "total": 4510.451536199981,
                    "count": 51265,
                    "self": 1.9439329999995607,
                    "children": {
                        "env_step": {
                            "total": 1151.917137099953,
                            "count": 51265,
                            "self": 1033.7332140000003,
                            "children": {
                                "SubprocessEnvManager._take_step": {
                                    "total": 117.05878070000082,
                                    "count": 51265,
                                    "self": 4.934323400021867,
                                    "children": {
                                        "TorchPolicy.evaluate": {
                                            "total": 112.12445729997896,
                                            "count": 48673,
                                            "self": 21.36143719998215,
                                            "children": {
                                                "TorchPolicy.sample_actions": {
                                                    "total": 90.76302009999681,
                                                    "count": 48673,
                                                    "self": 90.76302009999681
                                                }
                                            }
                                        }
                                    }
                                },
                                "workers": {
                                    "total": 1.1251423999518373,
                                    "count": 51265,
                                    "self": 0.0,