{
    "name": "root",
    "gauges": {
        "WalkerAgentMulti.Policy.Entropy.mean": {
            "value": 0.2587878704071045,
            "min": 0.24664664268493652,
            "max": 1.085747241973877,
            "count": 107
        },
        "WalkerAgentMulti.Policy.Entropy.sum": {
            "value": 10279.0537109375,
            "min": 4898.8916015625,
            "max": 41545.48828125,
            "count": 107
        },
        "WalkerAgentMulti.Environment.EpisodeLength.mean": {
            "value": 117.40229885057471,
            "min": 58.25,
            "max": 242.63888888888889,
            "count": 107
        },
        "WalkerAgentMulti.Environment.EpisodeLength.sum": {
            "value": 40856.0,
            "min": 1864.0,
            "max": 49392.0,
            "count": 107
        },
        "WalkerAgentMulti.Step.mean": {
            "value": 4999960.0,
            "min": 759988.0,
            "max": 4999960.0,
            "count": 107
        },
        "WalkerAgentMulti.Step.sum": {
            "value": 4999960.0,
            "min": 759988.0,
            "max": 4999960.0,
            "count": 107
        },
        "WalkerAgentMulti.Policy.ExtrinsicValueEstimate.mean": {
            "value": 0.2829963266849518,
            "min": -5.969531059265137,
            "max": 10.402663230895996,
            "count": 107
        },
        "WalkerAgentMulti.Policy.ExtrinsicValueEstimate.sum": {
            "value": 227.81204223632812,
            "min": -4369.69677734375,
            "max": 8270.1171875,
            "count": 107
        },
        "WalkerAgentMulti.Environment.CumulativeReward.mean": {
            "value": 0.9492112508086467,
            "min": -2.2908283976550177,
            "max": 1.2475426064597235,
            "count": 107
        },
        "WalkerAgentMulti.Environment.CumulativeReward.sum": {
            "value": 330.325515281409,
            "min": -785.7541403956711,
            "max": 628.7614736557007,
            "count": 107
        },
        "WalkerAgentMulti.Policy.ExtrinsicReward.mean": {
            "value": 0.9492112508086467,
            "min": -2.2908283976550177,
            "max": 1.2475426064597235,
            "count": 107
        },
        "WalkerAgentMulti.Policy.ExtrinsicReward.sum": {
            "value": 330.325515281409,
            "min": -785.7541403956711,
            "max": 628.7614736557007,
            "count": 107
        },
        "WalkerAgentMulti.Losses.PolicyLoss.mean": {
            "value": 0.24669243936732466,
            "min": 0.24456147269468936,
            "max": 0.25310114492380736,
            "count": 107
        },
        "WalkerAgentMulti.Losses.PolicyLoss.sum": {
            "value": 41.197637374343216,
            "min": 3.031462279557181,
            "max": 43.061506539443826,
            "count": 107
        },
        "WalkerAgentMulti.Losses.ValueLoss.mean": {
            "value": 1.5450131135167995,
            "min": 0.08033027751373413,
            "max": 32.93131300393628,
            "count": 107
        },
        "WalkerAgentMulti.Losses.ValueLoss.sum": {
            "value": 258.0171899573055,
            "min": 1.2686850169179151,
            "max": 5532.460584661296,
            "count": 107
        },
        "WalkerAgentMulti.Policy.LearningRate.mean": {
            "value": 1.2123051049135334e-06,
            "min": 1.2123051049135334e-06,
            "max": 0.0002545061751646134,
            "count": 107
        },
        "WalkerAgentMulti.Policy.LearningRate.sum": {
            "value": 0.00020245495252056006,
            "min": 0.00020245495252056006,
            "max": 0.041131123009626555,
            "count": 107
        },
        "WalkerAgentMulti.Policy.Epsilon.mean": {
            "value": 0.09999999999999998,
            "min": 0.09999999999999995,
            "max": 0.09999999999999998,
            "count": 107
        },
        "WalkerAgentMulti.Policy.Epsilon.sum": {
            "value": 16.699999999999996,
            "min": 1.1999999999999997,
            "max": 17.39999999999999,
            "count": 107
        },
        "WalkerAgentMulti.Policy.Beta.mean": {
            "value": 0.0005000000000000001,
            "min": 0.0005000000000000001,
            "max": 0.0005000000000000001,
            "count": 107
        },
        "WalkerAgentMulti.Policy.Beta.sum": {
            "value": 0.08350000000000002,
            "min": 0.006000000000000002,
            "max": 0.08700000000000002,
            "count": 107
        },
        "WalkerAgentMulti.IsTraining.mean": {
            "value": 1.0,
            "min": 1.0,
            "max": 1.0,
            "count": 107
        },
        "WalkerAgentMulti.IsTraining.sum": {
            "value": 1.0,
            "min": 1.0,
            "max": 1.0,
            "count": 107
        }
    },
    "metadata": {
        "timer_format_version": "0.1.0",
        "start_time_seconds": "1670947158",
        "python_version": "3.7.9 (tags/v3.7.9:13c94747c7, Aug 17 2020, 18:58:18) [MSC v.1900 64 bit (AMD64)]",
        "command_line_arguments": "C:\\Users\\giova\\Desktop\\Magistrale\\DeepLearningForGamesAndSimulations\\Project\\Code\\DLGSproject\\Scripts\\mlagents-learn config/OurConfig/multiagent256.yaml --no-graphics --run-id=4agentsPositionsNormalized2 --resume",
        "mlagents_version": "0.29.0",
        "mlagents_envs_version": "0.29.0",
        "communication_protocol_version": "1.5.0",
        "pytorch_version": "1.7.1+cu110",
        "numpy_version": "1.21.2",
        "end_time_seconds": "1670963968"
    },
    "total": 16810.0520984,
    "count": 1,
    "self": 0.019625299999461276,
    "children": {
        "run_training.setup": {
            "total": 0.21408159999999965,
            "count": 1,
            "self": 0.21408159999999965
        },
        "TrainerController.start_learning": {
            "total": 16809.8183915,
            "count": 1,
            "self": 5.938055000027816,
            "children": {
                "TrainerController._reset_env": {
                    "total": 17.0768068,
                    "count": 1,
                    "self": 17.0768068
                },
                "TrainerController.advance": {
                    "total": 16786.679366399974,
                    "count": 184589,
                    "self": 6.27858069942522,
                    "children": {
                        "env_step": {
                            "total": 6693.609782600131,
                            "count": 184589,
                            "self": 5843.890121900297,
                            "children": {
                                "SubprocessEnvManager._take_step": {
                                    "total": 845.691318400047,
                                    "count": 184589,
                                    "self": 17.676262500022062,
                                    "children": {
                                        "TorchPolicy.evaluate": {
                                            "total": 828.0150559000249,
                                            "count": 176831,
                                            "self": 69.0681912000515,
                                            "children": {
                                                "TorchPolicy.sample_actions": {
                                                    "total": 758.9468646999734,
                                                    "count": 176831,
                                                    "self": 758.9468646999734
                                                }
                                            }
                                        }
                                    }
                                },
                                "workers": {
                                    "total": 4.028342299787415,
                                    "count": 184589,
                                    "self": 0.0,