{
    "name": "root",
    "gauges": {
        "WalkerAgentMulti.Policy.Entropy.mean": {
            "value": 1.3985962867736816,
            "min": 1.1639987230300903,
            "max": 1.7849397659301758,
            "count": 10
        },
        "WalkerAgentMulti.Policy.Entropy.sum": {
            "value": 56195.59765625,
            "min": 46410.95703125,
            "max": 71426.1484375,
            "count": 10
        },
        "WalkerAgentMulti.Step.mean": {
            "value": 399988.0,
            "min": 39952.0,
            "max": 399988.0,
            "count": 10
        },
        "WalkerAgentMulti.Step.sum": {
            "value": 399988.0,
            "min": 39952.0,
            "max": 399988.0,
            "count": 10
        },
        "WalkerAgentMulti.Policy.ExtrinsicValueEstimate.mean": {
            "value": -0.11859571188688278,
            "min": -0.17153668403625488,
            "max": 0.00671201478689909,
            "count": 10
        },
        "WalkerAgentMulti.Policy.ExtrinsicValueEstimate.sum": {
            "value": -78.03598022460938,
            "min": -111.67037963867188,
            "max": 4.436641693115234,
            "count": 10
        },
        "WalkerAgentMulti.Losses.PolicyLoss.mean": {
            "value": 0.25147988992477543,
            "min": 0.24753025064825415,
            "max": 0.2528731208061189,
            "count": 10
        },
        "WalkerAgentMulti.Losses.PolicyLoss.sum": {
            "value": 8.047356477592814,
            "min": 8.047356477592814,
            "max": 23.128405846879993,
            "count": 10
        },
        "WalkerAgentMulti.Losses.ValueLoss.mean": {
            "value": 0.005816135802421626,
            "min": 0.0032261566706572745,
            "max": 0.02221142515455199,
            "count": 10
        },
        "WalkerAgentMulti.Losses.ValueLoss.sum": {
            "value": 0.18611634567749202,
            "min": 0.12904626682629097,
            "max": 2.065662539373335,
            "count": 10
        },
        "WalkerAgentMulti.Policy.LearningRate.mean": {
            "value": 0.00027722298759234,
            "min": 0.00027722298759234,
            "max": 0.00029884849328706153,
            "count": 10
        },
        "WalkerAgentMulti.Policy.LearningRate.sum": {
            "value": 0.00887113560295488,
            "min": 0.00887113560295488,
            "max": 0.027792909875696725,
            "count": 10
        },
        "WalkerAgentMulti.Policy.Epsilon.mean": {
            "value": 0.09999999999999999,
            "min": 0.09999999999999995,
            "max": 0.09999999999999999,
            "count": 10
        },
        "WalkerAgentMulti.Policy.Epsilon.sum": {
            "value": 3.1999999999999997,
            "min": 3.1999999999999997,
            "max": 9.299999999999995,
            "count": 10
        },
        "WalkerAgentMulti.Policy.Beta.mean": {
            "value": 0.0005,
            "min": 0.0005,
            "max": 0.0005000000000000002,
            "count": 10
        },
        "WalkerAgentMulti.Policy.Beta.sum": {
            "value": 0.016,
            "min": 0.016,
            "max": 0.046500000000000014,
            "count": 10
        },
        "WalkerAgentMulti.Environment.EpisodeLength.mean": {
            "value": 683.5,
            "min": 191.4255319148936,
            "max": 1499.0,
            "count": 10
        },
        "WalkerAgentMulti.Environment.EpisodeLength.sum": {
            "value": 27340.0,
            "min": 23984.0,
            "max": 54204.0,
            "count": 10
        },
        "WalkerAgentMulti.Environment.CumulativeReward.mean": {
            "value": -1.8109136714117995,
            "min": -3.1683773250657725,
            "max": -0.5172803356458354,
            "count": 10
        },
        "WalkerAgentMulti.Environment.CumulativeReward.sum": {
            "value": -72.43654685647198,
            "min": -139.408602302894,
            "max": -44.30547781800851,
            "count": 10
        },
        "WalkerAgentMulti.Policy.ExtrinsicReward.mean": {
            "value": -1.8109136714117995,
            "min": -3.1683773250657725,
            "max": -0.5172803356458354,
            "count": 10
        },
        "WalkerAgentMulti.Policy.ExtrinsicReward.sum": {
            "value": -72.43654685647198,
            "min": -139.408602302894,
            "max": -44.30547781800851,
            "count": 10
        },
        "WalkerAgentMulti.IsTraining.mean": {
            "value": 1.0,
            "min": 1.0,
            "max": 1.0,
            "count": 10
        },
        "WalkerAgentMulti.IsTraining.sum": {
            "value": 1.0,
            "min": 1.0,
            "max": 1.0,
            "count": 10
        }
    },
    "metadata": {
        "timer_format_version": "0.1.0",
        "start_time_seconds": "1670751330",
        "python_version": "3.7.9 (tags/v3.7.9:13c94747c7, Aug 17 2020, 18:58:18) [MSC v.1900 64 bit (AMD64)]",
        "command_line_arguments": "C:\\Users\\giova\\Desktop\\Magistrale\\DeepLearningForGamesAndSimulations\\Project\\Code\\DLGSproject\\Scripts\\mlagents-learn config\\OurConfig\\multiagent256.yaml --env=BuiltEnvs\\4AgentsFreeCommHigherTargetTrain --no-graphics --run-id=4agentsFreeCommHigherTarget2",
        "mlagents_version": "0.29.0",
        "mlagents_envs_version": "0.29.0",
        "communication_protocol_version": "1.5.0",
        "pytorch_version": "1.7.1+cu110",
        "numpy_version": "1.21.2",
        "end_time_seconds": "1670755029"
    },
    "total": 3699.335879,
    "count": 1,
    "self": 0.18290500000057364,
    "children": {
        "run_training.setup": {
            "total": 0.46560559999999995,
            "count": 1,
            "self": 0.46560559999999995
        },
        "TrainerController.start_learning": {
            "total": 3698.6873683999997,
            "count": 1,
            "self": 1.3245405000034225,
            "children": {
                "TrainerController._reset_env": {
                    "total": 12.911721,
                    "count": 1,
                    "self": 12.911721
                },
                "TrainerController.advance": {
                    "total": 3684.1909527999965,
                    "count": 36578,
                    "self": 1.4176042999915808,
                    "children": {
                        "env_step": {
                            "total": 980.9553755999941,
                            "count": 36578,
                            "self": 821.8899746000006,
                            "children": {
                                "SubprocessEnvManager._take_step": {
                                    "total": 158.1988556999858,
                                    "count": 36579,
                                    "self": 4.058443799979244,
                                    "children": {
                                        "TorchPolicy.evaluate": {
                                            "total": 154.14041190000657,
                                            "count": 36523,
                                            "self": 17.54190060001727,
                                            "children": {
                                                "TorchPolicy.sample_actions": {
                                                    "total": 136.5985112999893,
                                                    "count": 36523,
                                                    "self": 136.5985112999893
                                                }
                                            }
                                        }
                                    }
                                },
                                "workers": {
                                    "total": 0.8665453000077221,
                                    "count": 36578,
                                    "self": 0.0,