{
    "name": "root",
    "gauges": {
        "WalkerAgentMulti.Policy.Entropy.mean": {
            "value": 0.9980279207229614,
            "min": 0.9980279207229614,
            "max": 1.455220103263855,
            "count": 125
        },
        "WalkerAgentMulti.Policy.Entropy.sum": {
            "value": 39042.8515625,
            "min": 39042.8515625,
            "max": 60030.99609375,
            "count": 125
        },
        "WalkerAgentMulti.Step.mean": {
            "value": 4999944.0,
            "min": 39976.0,
            "max": 4999944.0,
            "count": 125
        },
        "WalkerAgentMulti.Step.sum": {
            "value": 4999944.0,
            "min": 39976.0,
            "max": 4999944.0,
            "count": 125
        },
        "WalkerAgentMulti.Policy.ExtrinsicValueEstimate.mean": {
            "value": -0.42914754152297974,
            "min": -4.435101509094238,
            "max": 26.032939910888672,
            "count": 125
        },
        "WalkerAgentMulti.Policy.ExtrinsicValueEstimate.sum": {
            "value": -274.6544189453125,
            "min": -2825.15966796875,
            "max": 16765.212890625,
            "count": 125
        },
        "WalkerAgentMulti.Losses.PolicyLoss.mean": {
            "value": 0.24881104398333445,
            "min": 0.24542914051146866,
            "max": 0.25651825112061405,
            "count": 125
        },
        "WalkerAgentMulti.Losses.PolicyLoss.sum": {
            "value": 15.177473682983402,
            "min": 4.827879305883711,
            "max": 20.644042250757593,
            "count": 125
        },
        "WalkerAgentMulti.Losses.ValueLoss.mean": {
            "value": 0.01167516004951035,
            "min": 0.0022795164308225097,
            "max": 341.5625412116656,
            "count": 125
        },
        "WalkerAgentMulti.Losses.ValueLoss.sum": {
            "value": 0.7121847630201313,
            "min": 0.17096373231168824,
            "max": 25617.190590874918,
            "count": 125
        },
        "WalkerAgentMulti.Policy.LearningRate.mean": {
            "value": 1.162510104333115e-06,
            "min": 1.162510104333115e-06,
            "max": 0.00029824418584842945,
            "count": 125
        },
        "WalkerAgentMulti.Policy.LearningRate.sum": {
            "value": 7.091311636432003e-05,
            "min": 7.091311636432003e-05,
            "max": 0.023035824421391998,
            "count": 125
        },
        "WalkerAgentMulti.Policy.Epsilon.mean": {
            "value": 0.09999999999999996,
            "min": 0.09999999999999995,
            "max": 0.10000000000000002,
            "count": 125
        },
        "WalkerAgentMulti.Policy.Epsilon.sum": {
            "value": 6.099999999999998,
            "min": 1.9000000000000004,
            "max": 8.1,
            "count": 125
        },
        "WalkerAgentMulti.Policy.Beta.mean": {
            "value": 0.0005000000000000001,
            "min": 0.0005,
            "max": 0.0005000000000000002,
            "count": 125
        },
        "WalkerAgentMulti.Policy.Beta.sum": {
            "value": 0.030500000000000006,
            "min": 0.009500000000000003,
            "max": 0.040500000000000015,
            "count": 125
        },
        "WalkerAgentMulti.Environment.EpisodeLength.mean": {
            "value": 999.0,
            "min": 330.625,
            "max": 999.0,
            "count": 125
        },
        "WalkerAgentMulti.Environment.EpisodeLength.sum": {
            "value": 39960.0,
            "min": 19248.0,
            "max": 66592.0,
            "count": 125
        },
        "WalkerAgentMulti.Environment.CumulativeReward.mean": {
            "value": -5.201127545814961,
            "min": -14.635137480031698,
            "max": -2.0872209127410315,
            "count": 125
        },
        "WalkerAgentMulti.Environment.CumulativeReward.sum": {
            "value": -208.04510183259845,
            "min": -585.405499201268,
            "max": -52.99285027757287,
            "count": 125
        },
        "WalkerAgentMulti.Policy.ExtrinsicReward.mean": {
            "value": -5.201127545814961,
            "min": -14.635137480031698,
            "max": -2.0872209127410315,
            "count": 125
        },
        "WalkerAgentMulti.Policy.ExtrinsicReward.sum": {
            "value": -208.04510183259845,
            "min": -585.405499201268,
            "max": -52.99285027757287,
            "count": 125
        },
        "WalkerAgentMulti.IsTraining.mean": {
            "value": 1.0,
            "min": 1.0,
            "max": 1.0,
            "count": 125
        },
        "WalkerAgentMulti.IsTraining.sum": {
            "value": 1.0,
            "min": 1.0,
            "max": 1.0,
            "count": 125
        }
    },
    "metadata": {
        "timer_format_version": "0.1.0",
        "start_time_seconds": "1669478039",
        "python_version": "3.9.13 (tags/v3.9.13:6de2ca5, May 17 2022, 16:36:42) [MSC v.1929 64 bit (AMD64)]",
        "command_line_arguments": "D:\\venv_python\\unityVenv\\Scripts\\mlagents-learn config/OurConfig/multiagent128_3Layers.yaml --env=env_name/SwarmRobots --run-id=Multi3Layer8agentNoVisual --no-graphics --force",
        "mlagents_version": "0.29.0",
        "mlagents_envs_version": "0.29.0",
        "communication_protocol_version": "1.5.0",
        "pytorch_version": "1.7.1+cu110",
        "numpy_version": "1.21.2",
        "end_time_seconds": "1669501915"
    },
    "total": 23875.5806205,
    "count": 1,
    "self": 0.9964653000024555,
    "children": {
        "run_training.setup": {
            "total": 0.08003400000000016,
            "count": 1,
            "self": 0.08003400000000016
        },
        "TrainerController.start_learning": {
            "total": 23874.5041212,
            "count": 1,
            "self": 1.7277720003185095,
            "children": {
                "TrainerController._reset_env": {
                    "total": 2.6650814,
                    "count": 1,
                    "self": 2.6650814
                },
                "TrainerController.advance": {
                    "total": 23870.05745249968,
                    "count": 63075,
                    "self": 1.7031565999313898,
                    "children": {
                        "env_step": {
                            "total": 3152.5008414998247,
                            "count": 63075,
                            "self": 2980.977182999771,
                            "children": {
                                "SubprocessEnvManager._take_step": {
                                    "total": 170.6162043999244,
                                    "count": 63075,
                                    "self": 7.003221899796387,
                                    "children": {
                                        "TorchPolicy.evaluate": {
                                            "total": 163.61298250012803,
                                            "count": 62522,
                                            "self": 51.7854574002001,
                                            "children": {
                                                "TorchPolicy.sample_actions": {
                                                    "total": 111.82752509992793,
                                                    "count": 62522,
                                                    "self": 111.82752509992793
                                                }
                                            }
                                        }
                                    }
                                },
                                "workers": {
                                    "total": 0.9074541001296188,
                                    "count": 63075,
                                    "self": 0.0,